Index,cano2_smiles,Receptor,Uniprot ID,Activity Type,Activity Relation,p-value (-log),ChEMBL ID,Activity Value
64876,COc1ccc2[nH]cc(CCNC(C)=O)c2c1,mtr1a,P48039,Kd,=,9.8,CHEMBL45,0.2
64877,Nc1nc(NCc2ccc(Oc3ccccc3)cc2)nc(-c2c(F)cccc2CO)n1,mtr1a,P48039,Kd,=,5.2,CHEMBL4449712,5900.0
64878,CC(=O)NCCc1cccc2ccc(OCCCCCCCCOc3ccc4cccc(CCNC(C)=O)c4c3)cc12,mtr1a,P48039,Ki,=,10.3,CHEMBL14136,0.1
64879,CC(=O)NCCc1cccc2ccc(OCCCCCOc3ccc4cccc(CCNC(C)=O)c4c3)cc12,mtr1a,P48039,Ki,=,10.3,CHEMBL273787,0.1
64880,COc1cccc(N(C)c2ccc(NC(C)=O)cc2)c1,mtr1a,P48039,Ki,=,10.3,CHEMBL8168,0.1
64881,CCCC(=O)NC[C@@H]1C[C@H]1c1cccc2c1OC(CCCCc1ccccc1)N2,mtr1a,P48039,Ki,=,10.3,CHEMBL19026,0.1
64882,CCC(=O)NC[C@@H]1C[C@H]1c1cccc2nc(CCCCc3ccccc3)oc12,mtr1a,P48039,Ki,=,10.3,CHEMBL2112690,0.1
64883,CC(=O)NC[C@@H]1C[C@H]1c1cccc2nc(CCCCc3ccccc3)oc12,mtr1a,P48039,Ki,=,10.3,CHEMBL2112700,0.1
64884,CCCC(=O)NC[C@@H]1C[C@H]1c1cccc2nc(CC)oc12,mtr1a,P48039,Ki,=,10.3,CHEMBL2112722,0.1
64885,CCc1nc2cccc([C@@H]3C[C@H]3CNC(=O)C3CC3)c2o1,mtr1a,P48039,Ki,=,10.3,CHEMBL2112724,0.1
64886,CCC(=O)NC[C@@H]1C[C@H]1c1cccc2nc(CC)oc12,mtr1a,P48039,Ki,=,10.3,CHEMBL2112727,0.1
64887,O=C(NC[C@@H]1C[C@H]1c1cccc2nc(CCCCc3ccccc3)oc12)C1CC1,mtr1a,P48039,Ki,=,10.3,CHEMBL2112734,0.1
64888,COc1ccc2cccc(CCNC(=O)C(F)F)c2c1,mtr1a,P48039,Ki,=,10.3,CHEMBL1946221,0.1
64889,COc1cccc(C2=C(CCNC(C)=O)c3c(ccc4c3CCO4)C2)c1,mtr1a,P48039,Ki,=,10.2,CHEMBL1774526,0.1
64890,COc1ccc2cccc(CCNC(C)=O)c2c1,mtr1a,P48039,Ki,=,10.2,CHEMBL10878,0.1
64891,COc1ccc2ccc(OC)c([C@@H]3C[C@H]3NC(C)=O)c2c1,mtr1a,P48039,Ki,=,10.2,CHEMBL2314253,0.1
64892,CCc1nn2ccc3c(c2c1CCNC(C)=O)CCO3,mtr1a,P48039,Ki,=,10.2,CHEMBL1802025,0.1
64893,COc1ccc2[nH]c(I)c(CCNC(C)=O)c2c1,mtr1a,P48039,Ki,=,10.2,CHEMBL289233,0.1
64894,CC(=O)NCCC1=C(c2cccnc2)Cc2ccc3c(c21)CCO3,mtr1a,P48039,Ki,=,10.2,CHEMBL1774524,0.1
64895,COC(=O)Cc1cccc2ccc(OCCCCOc3ccc4cccc(CCNC(C)=O)c4c3)cc12,mtr1a,P48039,Ki,=,10.2,CHEMBL1095196,0.1
64896,COc1cc2c([C@@H](C)CNC(C)=O)c[nH]c2cc1Cl,mtr1a,P48039,Ki,=,10.1,CHEMBL4079759,0.1
64897,CC(=O)NCCc1cccc2ccc(OCCCCCCOc3ccc4cccc(CCNC(C)=O)c4c3)cc12,mtr1a,P48039,Ki,=,10.1,CHEMBL13985,0.1
64898,COc1ccc2[nH]c(I)c(CCNC(C)=O)c2c1,mtr1a,P48039,Ki,=,10.1,CHEMBL289233,0.1
64899,COc1ccc2c(c1)c(CCNC(C)=O)c(I)n2C,mtr1a,P48039,Ki,=,10.1,CHEMBL300056,0.1
64900,COc1ccc2[nH]cc(CCNC(C)=O)c2c1,mtr1a,P48039,Ki,=,10.1,CHEMBL45,0.1
64901,CC(=O)NCCc1c(-c2ccccc2)nn2ccc3c(c12)CCO3,mtr1a,P48039,Ki,=,10.1,CHEMBL1802022,0.1
64902,CCC(=O)NCCc1c(C)nn2ccc3c(c12)CCO3,mtr1a,P48039,Ki,=,10.1,CHEMBL1802024,0.1
64903,CC(=O)NCCc1cccc2ccc(OCCCCOc3ccc(-c4ccc(CO)cc4)cc3)cc12,mtr1a,P48039,Ki,=,10.1,CHEMBL1094212,0.1
64904,COc1ccc2[nH]cc(CCNC(C)=O)c2c1,mtr1a,P48039,Ki,=,10.0,CHEMBL45,0.1
64905,CCC(=O)NCCc1c(OC)ccc2ccc(OC)cc12,mtr1a,P48039,Ki,=,10.0,CHEMBL291857,0.1
64906,COc1ccc2cccc(CCNC(C)=O)c2c1,mtr1a,P48039,Ki,=,10.0,CHEMBL10878,0.1
64907,COc1ccc2ccc3c(c2c1)C(C)(CNC(C)=O)CC3,mtr1a,P48039,Ki,=,10.0,CHEMBL4278248,0.1
64908,COc1ccc2ccccc2c1/C=C/NC(C)=O,mtr1a,P48039,Ki,=,10.0,CHEMBL2314257,0.1
64909,CC(C)C1=C(CCNC(=O)C2CC2)c2c(ccc3c2CCO3)C1,mtr1a,P48039,Ki,=,10.0,CHEMBL1774515,0.1
64910,COc1ccc2[nH]cc(CCNC(C)=O)c2c1,mtr1a,P48039,Ki,=,9.9,CHEMBL45,0.1
64911,COc1ccc2cccc(CCNC(C)=O)c2c1,mtr1a,P48039,Ki,=,9.9,CHEMBL10878,0.1
64912,CC(C)C(=O)NC[C@@H]1C[C@H]1c1cccc2c1OC(CCCCc1ccccc1)N2,mtr1a,P48039,Ki,=,9.9,CHEMBL18845,0.1
64913,CCCC(=O)N[C@H]1CCN(c2cccc3c2CCO3)C1,mtr1a,P48039,Ki,=,9.9,CHEMBL136531,0.1
64914,COc1ccc2occ(CCNC(C)=O)c2c1,mtr1a,P48039,Ki,=,9.8,CHEMBL323332,0.2
64915,CC(=O)NCCc1c[nH]c2ccc(OCCc3ccccc3)cc12,mtr1a,P48039,Ki,=,9.8,CHEMBL4467954,0.2
64916,CC(=O)NCCc1c(C)nn2ccc3c(c12)CCO3,mtr1a,P48039,Ki,=,9.8,CHEMBL1802023,0.2
64917,CCC(=O)N[C@H]1CCN(c2cccc3c2CCO3)C1,mtr1a,P48039,Ki,=,9.7,CHEMBL343825,0.2
64918,CCCC1Nc2cccc([C@@H]3C[C@H]3CNC(=O)C3CC3)c2O1,mtr1a,P48039,Ki,=,9.7,CHEMBL279343,0.2
64919,CCC1Nc2cccc([C@@H]3C[C@H]3CNC(=O)C(C)C)c2O1,mtr1a,P48039,Ki,=,9.7,CHEMBL431103,0.2
64920,COc1ccc2[nH]cc(CCNC(C)=O)c2n1,mtr1a,P48039,Ki,=,9.7,CHEMBL1760944,0.2
64921,COc1ccc2[nH]cc(CCNC(C)=O)c2c1,mtr1a,P48039,Ki,=,9.7,CHEMBL45,0.2
64922,COc1ccc2oc(-c3ccc(F)cc3)c(CCNC(C)=O)c2n1,mtr1a,P48039,Ki,=,9.7,CHEMBL3763503,0.2
64923,COc1ccc2oc(I)c(CCNC(C)=O)c2n1,mtr1a,P48039,Ki,=,9.7,CHEMBL3765401,0.2
64924,CNC(=O)N/C=C/c1c(OC)ccc2ccc(OC)cc12,mtr1a,P48039,Ki,=,9.7,CHEMBL2314260,0.2
64925,CCCC1Nc2cccc([C@@H]3C[C@H]3CNC(=O)CC)c2O1,mtr1a,P48039,Ki,=,9.7,CHEMBL276921,0.2
64926,COc1ccc2[nH]cc(CCNC(C)=O)c2c1,mtr1a,P48039,Ki,=,9.6,CHEMBL45,0.2
64927,COc1ccc2[nH]cc(CCNC(C)=O)c2n1,mtr1a,P48039,Ki,=,9.6,CHEMBL1760944,0.2
64928,CC(=O)NCCc1cccc2ccc(OCCCCOc3ccc4c(c3)C(CCNC(C)=O)CCC4)cc12,mtr1a,P48039,Ki,=,9.6,CHEMBL1095831,0.3
64929,COc1ccc2[nH]cc(CCNC(C)=O)c2c1,mtr1a,P48039,Ki,=,9.5,CHEMBL45,0.3
64930,COc1ccc2ccc3c(c2c1)C(CNC(N)=O)CC3,mtr1a,P48039,Ki,=,9.5,CHEMBL4278575,0.3
64931,COc1ccc2ccc3c(c2c1)C(CNC(C)=O)CC3,mtr1a,P48039,Ki,=,9.5,CHEMBL4293386,0.3
64932,COc1ccc2cccc(CCNC(C)=O)c2n1,mtr1a,P48039,Ki,=,9.5,CHEMBL4102177,0.3
64933,COc1ccc2cccc([C@@H]3C[C@H]3NC(C)=O)c2c1,mtr1a,P48039,Ki,=,9.5,CHEMBL2314251,0.3
64934,COc1cc2c(CCNC(C)=O)c(I)[nH]c2cc1[N+](=O)[O-],mtr1a,P48039,Ki,=,9.5,CHEMBL52755,0.3
64935,CCC(=O)NCCc1c(C(F)(F)F)nn2ccc3c(c12)CCO3,mtr1a,P48039,Ki,=,9.5,CHEMBL1802030,0.3
64936,CCC1Nc2cccc([C@@H]3C[C@H]3CNC(C)=O)c2O1,mtr1a,P48039,Ki,=,9.5,CHEMBL18960,0.4
64937,COC(=O)C(C)c1ccc2cc(OCCCCOc3ccc4cccc(CCNC(C)=O)c4c3)ccc2c1,mtr1a,P48039,Ki,=,9.4,CHEMBL1095197,0.4
64938,COc1ccc2[nH]cc(CCNC(C)=O)c2c1,mtr1a,P48039,Ki,=,9.4,CHEMBL45,0.4
64939,CCOc1ccc2ccc(OC)cc2c1CCNC(=O)CC,mtr1a,P48039,Ki,=,9.4,CHEMBL80736,0.4
64940,CNC(=O)NCC1CCc2ccc3ccc(OC)cc3c21,mtr1a,P48039,Ki,=,9.4,CHEMBL4279639,0.4
64941,COc1ccc2ccc3c(c2n1)C(CNC(C)=O)CC3,mtr1a,P48039,Ki,=,9.4,CHEMBL4281712,0.4
64942,COc1ccc2[nH]cc(CCNC(C)=O)c2c1,mtr1a,P48039,Ki,=,9.3,CHEMBL45,0.5
64943,CC(=O)NCCc1c(C(F)(F)F)nn2ccc3c(c12)CCO3,mtr1a,P48039,Ki,=,9.3,CHEMBL1802029,0.5
64944,CC(=O)NCCc1cccc2ccc(OCCCOc3ccc4cccc(CCNC(C)=O)c4c3)cc12,mtr1a,P48039,Ki,=,9.3,CHEMBL429392,0.5
64945,CC(=O)NCCc1cccc2ccc(OCCCCOc3ccc(-c4ccc(C(=O)O)cc4)cc3)cc12,mtr1a,P48039,Ki,=,9.3,CHEMBL1094546,0.6
64946,CC(=O)NCCc1cccc2ccc(OCCCCOc3ccc4cccc(CCNC(C)=O)c4c3)cc12,mtr1a,P48039,Ki,=,9.2,CHEMBL14453,0.6
64947,CC(C)C1Nc2cccc([C@@H]3C[C@H]3CNC(=O)C3CC3)c2O1,mtr1a,P48039,Ki,=,9.2,CHEMBL18846,0.6
64948,CNC(=O)NCC1CCc2ccc3ccc(OC)cc3c21,mtr1a,P48039,Ki,=,9.2,CHEMBL4279639,0.6
64949,COc1ccc2ccc3c(c2c1)C(C)(CNS(C)(=O)=O)CC3,mtr1a,P48039,Ki,=,9.2,CHEMBL4288497,0.6
64950,COCC(=O)NCC1CCc2ccc3ccc(OC)cc3c21,mtr1a,P48039,Ki,=,9.2,CHEMBL4292336,0.6
64951,CNC(=O)NCCc1cccc2ccc(OC)nc12,mtr1a,P48039,Ki,=,9.2,CHEMBL4084612,0.6
64952,O=C(NCCCc1cccc2nc(CCCCc3ccccc3)oc12)C1CC1,mtr1a,P48039,Ki,=,9.2,CHEMBL334079,0.6
64953,CC(=O)NCCc1cccc2ccc(OCCCCOc3ccc4cccc(CCNC(=O)c5ccco5)c4c3)cc12,mtr1a,P48039,Ki,=,9.2,CHEMBL1096991,0.6
64954,CCNC(=O)N[C@@H]1CCN(c2cccc3c2CCO3)C1,mtr1a,P48039,Ki,=,9.2,CHEMBL136564,0.7
64955,COc1ccc2[nH]cc(CCNC(C)=O)c2c1,mtr1a,P48039,Ki,=,9.2,CHEMBL45,0.7
64956,Cc1nc2cccc(CCCNC(=O)C3CC3)c2o1,mtr1a,P48039,Ki,=,9.2,CHEMBL127570,0.7
64957,CCC(=O)NCC1CCc2ccccc2N1C,mtr1a,P48039,Ki,=,9.2,CHEMBL3612604,0.7
64958,COc1cccc(O[C@@H](C)CNC(=O)C2CC2)c1,mtr1a,P48039,Ki,=,9.1,CHEMBL1223130,0.7
64959,COc1ccc2oc(Cc3cccc(F)c3)c(CCNC(C)=O)c2c1,mtr1a,P48039,Ki,=,9.1,CHEMBL95166,0.8
64960,CCC(=O)NCCCc1cccc2nc(CCCCc3ccccc3)oc12,mtr1a,P48039,Ki,=,9.1,CHEMBL330969,0.8
64961,CC(=O)NCCc1c(Br)[nH]c2ccc(OCCCCCCNC(=O)Oc3cccc(-c4ccccc4)c3)cc12,mtr1a,P48039,Ki,=,9.1,CHEMBL4210086,0.8
64962,C=CCC(=O)NCCc1cccc2ccc(OCCCCOc3ccc4cccc(CCNC(C)=O)c4c3)cc12,mtr1a,P48039,Ki,=,9.1,CHEMBL1095195,0.8
64963,COc1ccc2ccc3c(c2c1)C(CNS(C)(=O)=O)CC3,mtr1a,P48039,Ki,=,9.1,CHEMBL4280601,0.8
64964,CCNC(=O)NCC1(C)CCc2ccc3ccc(OC)cc3c21,mtr1a,P48039,Ki,=,9.1,CHEMBL4286896,0.8
64965,CCNC(=O)NCCc1cccc2ccc(OC)nc12,mtr1a,P48039,Ki,=,9.1,CHEMBL4062947,0.8
64966,COc1cccc(N(C)CCNC(C)=O)c1,mtr1a,P48039,Ki,=,9.1,CHEMBL237236,0.8
64967,COc1cccc(N(C)CCCNC(C)=O)c1,mtr1a,P48039,Ki,=,9.1,CHEMBL235329,0.8
64968,COc1ccc2[nH]cc(CCNC(C)=O)c2c1,mtr1a,P48039,Ki,=,9.1,CHEMBL45,0.9
64969,CC(=O)NCCC1=C(Cc2ccsc2)Cc2ccc3c(c21)CCO3,mtr1a,P48039,Ki,=,9.1,CHEMBL1774520,0.9
64970,CNC(=O)N[C@H]1CCN(c2cccc3c2CCO3)C1,mtr1a,P48039,Ki,=,9.1,CHEMBL138012,0.9
64971,C=CCC(=O)NCCc1cccc2ccc(OCCCCOc3ccc4cccc(CCNC(=O)CC=C)c4c3)cc12,mtr1a,P48039,Ki,=,9.0,CHEMBL1097315,0.9
64972,COc1cccc(OC(C)CNC(=O)C2CC2)c1,mtr1a,P48039,Ki,=,9.0,CHEMBL1223128,0.9
64973,CCCC(=O)NC[C@@H]1C[C@H]1c1cccc2c1OC(CCC)N2,mtr1a,P48039,Ki,=,9.0,CHEMBL19211,0.9
64974,CCCC1Nc2cccc([C@@H]3C[C@H]3CNC(C)=O)c2O1,mtr1a,P48039,Ki,=,9.0,CHEMBL19128,1.0
64975,CCC(=O)NCCCc1cccc2c1C[C@@H](CCCCc1ccccc1)O2,mtr1a,P48039,Ki,=,9.0,CHEMBL178678,1.0
64976,CC(=O)NC[C@@H]1C[C@H]1c1cccc2c1C[C@@H](CCCCc1ccccc1)O2,mtr1a,P48039,Ki,=,9.0,CHEMBL359921,1.0
64977,O=C(NC[C@@H]1C[C@H]1c1cccc2c1C[C@@H](CCCCc1ccccc1)O2)C1CC1,mtr1a,P48039,Ki,=,9.0,CHEMBL361410,1.0
64978,CCC(=O)NC[C@@H]1C[C@H]1c1cccc2c1C[C@@H](CCCCc1ccccc1)O2,mtr1a,P48039,Ki,=,9.0,CHEMBL367797,1.0
64979,CCC(=O)Nc1ccc(N(C)c2cccc(OC)c2)cc1,mtr1a,P48039,Ki,=,9.0,CHEMBL7832,1.0
64980,CNC(=S)NCC1(C)CCc2ccc3ccc(OC)cc3c21,mtr1a,P48039,Ki,=,9.0,CHEMBL4280791,1.0
64981,CNC(=O)NCC1CCc2ccc3ccc(OC)nc3c21,mtr1a,P48039,Ki,=,9.0,CHEMBL4283539,1.0
64982,C/C=C/C(=O)NCCc1c(-c2ccccc2)oc2ccc(OC)cc12,mtr1a,P48039,Ki,=,9.0,CHEMBL96104,1.0
64983,O=C(NCCc1cccc2ccc(OCCCCOc3ccc4cccc(CCNC(=O)C5CC5)c4c3)cc12)C1CC1,mtr1a,P48039,Ki,=,9.0,CHEMBL1097314,1.0
64984,CC(=O)NCCc1cccc2ccc(OCCCCOc3ccc4cccc(CCNC(=O)C5CC5)c4c3)cc12,mtr1a,P48039,Ki,=,9.0,CHEMBL1095832,1.1
64985,CCCC(=O)Nc1ccc(N(C)c2cccc(OC)c2)cc1,mtr1a,P48039,Ki,=,9.0,CHEMBL266549,1.1
64986,CCNC(=O)NCCC1=C(C(C)C)Cc2ccc3c(c21)CCO3,mtr1a,P48039,Ki,=,9.0,CHEMBL1774517,1.1
64987,COc1ccccc1C1=C(CCNC(C)=O)c2c(ccc3c2CCO3)C1,mtr1a,P48039,Ki,=,9.0,CHEMBL1774525,1.1
64988,COc1cc2c(CCNC(C)=O)c(I)n(C)c2cc1[N+](=O)[O-],mtr1a,P48039,Ki,=,9.0,CHEMBL55084,1.1
64989,COc1ccc2[nH]cc(C(C)(C)CNC(C)=O)c2c1,mtr1a,P48039,Ki,=,9.0,CHEMBL206472,1.1
64990,CC(=O)NCCN(C)c1cccc(OCCCCc2ccccc2)c1,mtr1a,P48039,Ki,=,8.9,CHEMBL3260987,1.2
64991,O=C(N[C@H]1CCN(c2cccc3c2CCO3)C1)C1CC1,mtr1a,P48039,Ki,=,8.9,CHEMBL139439,1.2
64992,CCCCCCOc1ccc2c(c1)C(CCNC(C)=O)CCO2,mtr1a,P48039,Ki,=,8.9,CHEMBL3260984,1.2
64993,O=C(NCCc1cccc2ccc(OCCCOc3ccc4cccc(CCNC(=O)C(F)F)c4c3)cc12)C(F)F,mtr1a,P48039,Ki,=,8.9,CHEMBL3741890,1.2
64994,COc1ccc2c(c1)c(C(C)CNC(C)=O)cn2C,mtr1a,P48039,Ki,=,8.9,CHEMBL210791,1.2
64995,COc1ccc2oc(Cc3ccccc3)c(CCNC(C)=O)c2c1,mtr1a,P48039,Ki,=,8.9,CHEMBL329263,1.3
64996,CCCC(=O)NCC1Cc2ccccc2Cc2ccc(OC)cc21,mtr1a,P48039,Ki,=,8.9,CHEMBL189395,1.3
64997,CC(=O)NCCCc1cccc2nc(CCCCc3ccccc3)oc12,mtr1a,P48039,Ki,=,8.9,CHEMBL339265,1.3
64998,CC(C)C(=O)NCCCc1cccc2nc(CCCCc3ccccc3)oc12,mtr1a,P48039,Ki,=,8.9,CHEMBL435586,1.3
64999,CC(C)C(=O)NC[C@@H]1C[C@H]1c1cccc2c1OC(C(C)C)N2,mtr1a,P48039,Ki,=,8.9,CHEMBL19441,1.3
65000,CCCC(=O)NCCn1ccc2ccc(OC)nc21,mtr1a,P48039,Ki,=,8.9,CHEMBL1760947,1.3
65001,CC(=O)NCCC1=C(c2csc3ccccc23)Cc2ccc3c(c21)CCO3,mtr1a,P48039,Ki,=,8.9,CHEMBL1774531,1.3
65002,CCC(=O)NCCc1c(OC(=O)CBr)ccc2ccc(OC)cc12,mtr1a,P48039,Ki,=,8.9,CHEMBL134416,1.3
65003,COc1cc2c(CCNC(C)=O)c(C)[nH]c2cc1Cl,mtr1a,P48039,Ki,=,8.9,CHEMBL3260979,1.3
65004,CCC(=O)NCC1Cc2ccccc2Cc2ccc(OC)cc21,mtr1a,P48039,Ki,=,8.9,CHEMBL189414,1.3
65005,CCC(=O)NCC(CO)c1cccc2ccc(OC)cc12,mtr1a,P48039,Ki,=,8.9,CHEMBL4097233,1.3
65006,CC(=O)NCCc1cccc2ccc(OCCCCOc3ccc4occ(CCNC(C)=O)c4c3)cc12,mtr1a,P48039,Ki,=,8.9,CHEMBL1097496,1.4
65007,COc1ccc2ccn(CCNC(C)=O)c2n1,mtr1a,P48039,Ki,=,8.9,CHEMBL1760945,1.4
65008,CC(=O)NCCC1=C(c2ccc(C(C)(C)C)cc2)Cc2ccc3c(c21)CCO3,mtr1a,P48039,Ki,=,8.9,CHEMBL1774530,1.4
65009,CC(=O)NCCc1c(Br)[nH]c2ccc(OCCO)cc12,mtr1a,P48039,Ki,=,8.8,CHEMBL4548591,1.4
65010,CC(=O)N[C@H]1CCN(c2cccc3c2CCO3)C1,mtr1a,P48039,Ki,=,8.8,CHEMBL336268,1.5
65011,CC(=O)NCCc1cccc2ccc(OCCCCOc3ccc4cc(C(C)C(=O)O)ccc4c3)cc12,mtr1a,P48039,Ki,=,8.8,CHEMBL1095505,1.5
65012,CC(=O)NCC1Cc2ccccc2N(c2ccccc2)C1,mtr1a,P48039,Ki,=,8.8,CHEMBL4074273,1.6
65013,CCC(=O)NCC1CCc2ccccc2N1c1ccccc1,mtr1a,P48039,Ki,=,8.8,CHEMBL3612608,1.6
65014,COc1ccc2occ(CCNC(C)=O)c2n1,mtr1a,P48039,Ki,=,8.8,CHEMBL3763281,1.6
65015,COc1ccc2[nH]cc(C(C)CNC(C)=O)c2c1,mtr1a,P48039,Ki,=,8.8,CHEMBL210147,1.7
65016,COc1cccc(O[C@@H](C)CNC(C)=O)c1,mtr1a,P48039,Ki,=,8.8,CHEMBL1223050,1.7
65017,CCC(=O)NCCc1c[nH]c2c(C)cc(OC)cc12,mtr1a,P48039,Ki,=,8.8,CHEMBL395221,1.8
65018,CCCC(=O)NC[C@@H]1C[C@H]1c1cccc2c1OC(C(C)C)N2,mtr1a,P48039,Ki,=,8.7,CHEMBL553105,1.8
65019,COc1ccc2c(c1)c(CCNC(C)=O)c1n2Cc2ccccc2-1,mtr1a,P48039,Ki,=,8.7,CHEMBL9772,1.8
65020,COc1ccc2ccc3oc(CNC(=O)C4CC4)cc3c2c1,mtr1a,P48039,Ki,=,8.7,CHEMBL3758679,1.9
65021,COc1ccc2cccc(C(CO)CNC(=O)C(F)F)c2c1,mtr1a,P48039,Ki,=,8.7,CHEMBL4104020,1.9
65022,COc1ccc2ccc3oc(CCNC(C)=O)cc3c2c1,mtr1a,P48039,Ki,=,8.0,CHEMBL3758720,10.0
65023,CCCC(=O)NC[C@@H]1CC1c1cccc2oc(CCCCc3ccccc3)cc12,mtr1a,P48039,Ki,=,8.0,CHEMBL363947,10.0
65024,COc1cc(Br)c2c(c1)c(CCNC(C)=O)cn2C,mtr1a,P48039,Ki,=,8.0,CHEMBL233309,10.5
65025,CCCC(=O)NCC1(c2cn(C)c3ccc(OC)cc23)CCC1,mtr1a,P48039,Ki,=,8.0,CHEMBL207625,10.6
65026,CCCC(=O)Nc1ccc(Cc2cccc(OC)c2)cc1,mtr1a,P48039,Ki,=,8.0,CHEMBL7867,10.9
65027,COc1ccc2cccc(C(CO)CNC(C)=O)c2c1,mtr1a,P48039,Ki,=,8.0,CHEMBL138807,11.0
65028,CCC(=O)NCCc1c(OCCI)ccc2ccc(OC)cc12,mtr1a,P48039,Ki,=,7.0,CHEMBL79224,100.0
65029,COc1ccc(N(CCNC(C)=O)c2cccc(OC)c2)cc1,mtr1a,P48039,Ki,=,7.0,CHEMBL394430,100.0
65030,CC(=O)NCCc1c2n(c3ccccc13)CC1Cc3ccccc3N1C2,mtr1a,P48039,Ki,=,6.0,CHEMBL455909,1000.0
65031,CCN(C)Cc1[nH]c2ccc(OC)cc2c1CCNC(C)=O,mtr1a,P48039,Ki,=,6.0,CHEMBL561928,1000.0
65032,COc1ccc2[nH]c(CN3CCc4ccccc43)c(CCNC(C)=O)c2c1,mtr1a,P48039,Ki,=,7.0,CHEMBL514415,101.0
65033,CCC(=O)NC1Cc2ccccc2C(c2ccccc2)C1,mtr1a,P48039,Ki,=,7.0,CHEMBL285718,104.7
65034,COc1ccc2c(CN(C)Cc3ccccc3)cn(CCNC(C)=O)c2n1,mtr1a,P48039,Ki,=,5.0,CHEMBL1760949,10460.0
65035,COc1ccccc1OC(C)CNC(C)=O,mtr1a,P48039,Ki,=,5.0,CHEMBL1222984,10471.3
65036,CC(C)C(=O)N[C@H]1CCN(c2cccc3oc(CCCCc4ccccc4)cc23)C1,mtr1a,P48039,Ki,=,7.0,CHEMBL184762,105.0
65037,COc1cccc(N(C)c2ccc(NC(=O)C(C)C)cc2)c1,mtr1a,P48039,Ki,=,7.0,CHEMBL7990,106.0
65038,COc1ccc2[nH]cc(CCNC(C)=O)c2c1[N+](=O)[O-],mtr1a,P48039,Ki,=,6.0,CHEMBL300195,1060.0
65039,COc1ccc2[nH]c(CN3CCc4ccc(N)cc43)c(CCNC(C)=O)c2c1,mtr1a,P48039,Ki,=,7.0,CHEMBL456505,108.0
65040,COc1ccc2[nH]c(CN(C)c3ccc(C(F)(F)F)cc3)c(CCNC(C)=O)c2c1,mtr1a,P48039,Ki,=,7.0,CHEMBL563847,109.7
65041,COc1cccc(SC(C)CNC(C)=O)c1,mtr1a,P48039,Ki,=,7.0,CHEMBL1223051,109.7
65042,CCCC(=O)N[C@H]1CCN(c2cccc3oc(CCCCc4ccccc4)cc23)C1,mtr1a,P48039,Ki,=,8.0,CHEMBL184144,11.0
65043,CCC(=O)NCCc1c(OC(=O)CCl)ccc2ccc(OC)cc12,mtr1a,P48039,Ki,=,8.0,CHEMBL131919,11.0
65044,COc1cc2c(CCNC(C)=O)c[nH]c2cc1Cl,mtr1a,P48039,Ki,=,7.9,CHEMBL34730,11.4
65045,COc1ccc2c(c1)c(C(C)(C)CNC(C)=O)cn2C,mtr1a,P48039,Ki,=,7.9,CHEMBL208307,11.5
65046,O=C(NCCc1cccc2ccc(OCCCCOc3ccc4cccc(CCNC(=O)C(F)F)c4c3)cc12)C(F)F,mtr1a,P48039,Ki,=,7.9,CHEMBL3740377,11.8
65047,COc1ccc2c(c1)c(CCNC(C)=O)c1n2CCN(C)C1,mtr1a,P48039,Ki,=,7.9,CHEMBL565176,11.8
65048,CNC(=O)NC[C@@H]1C[C@H]1c1cccc2c1OC(C(C)C)N2,mtr1a,P48039,Ki,=,7.9,CHEMBL19237,11.8
65049,CNC(=O)CCc1c(-c2ccccc2)nc2ccc(OC)cn12,mtr1a,P48039,Ki,=,6.0,CHEMBL1823016,1100.0
65050,CC(=O)NCCc1cccc2ccc(OCCCOc3ccc4cccc(CCNC(C)=O)c4c3)cc12,mtr1a,P48039,Ki,=,7.0,CHEMBL429392,112.0
65051,CC(=O)NCCN1c2ccccc2C=Cc2ccccc21,mtr1a,P48039,Ki,=,7.0,CHEMBL362133,112.2
65052,COc1ccc2[nH]c(CN3Cc4ccccc4C3)c(CCNC(=O)C3CCC3)c2c1,mtr1a,P48039,Ki,=,7.0,CHEMBL3219330,112.2
65053,COc1ccc2[nH]c(CN3CCc4ccccc43)c(CCNC(C)=O)c2c1,mtr1a,P48039,Ki,=,6.9,CHEMBL514415,114.8
65054,O=C(NCCCc1cn2c3c(cccc13)CCC2)C1CC1,mtr1a,P48039,Ki,=,6.9,CHEMBL242573,114.8
65055,CCCC(=O)NCCc1nncc2ccc(OC)cc12,mtr1a,P48039,Ki,=,5.9,CHEMBL4764211,1140.0
65056,CC(=O)NCCOc1ccccc1,mtr1a,P48039,Ki,=,4.9,CHEMBL1223056,11481.5
65057,COc1cccc(SC[C@@H](C)NC(C)=O)c1,mtr1a,P48039,Ki,=,4.9,CHEMBL1223280,11481.5
65058,CCC(=O)NCCc1c2n(c3ccccc13)CCCc1ccccc1-2,mtr1a,P48039,Ki,=,6.9,CHEMBL9838,115.0
65059,CCNC(=O)NCC1CCc2ccccc2N1,mtr1a,P48039,Ki,=,6.9,CHEMBL3612458,115.0
65060,CC(=O)NCCCc1cccc2nc(C(C)C)oc12,mtr1a,P48039,Ki,=,6.9,CHEMBL123690,116.0
65061,CCCC(=O)NCC1(c2c[nH]c3ccc(OC)cc23)CCC1,mtr1a,P48039,Ki,=,6.9,CHEMBL207676,116.0
65062,O=C(NCCc1c2n(c3ccccc13)CCCc1ccccc1-2)C1CC1,mtr1a,P48039,Ki,=,6.9,CHEMBL9791,117.0
65063,CCCC(=O)NCCCc1cc(OC)ccc1OCc1ccccc1,mtr1a,P48039,Ki,=,5.9,CHEMBL1088825,1172.0
65064,CCCC(=O)NCCCc1cccc2nc(C(C)C)oc12,mtr1a,P48039,Ki,=,6.9,CHEMBL124445,119.0
65065,COc1cccc(N(C)c2ccc(NC(=O)C3CC3)cc2)c1,mtr1a,P48039,Ki,=,7.9,CHEMBL7567,12.0
65066,CC(=O)NCCN(C)c1cccc(OCCCCNC(=O)Oc2cccc(-c3ccccc3)c2)c1,mtr1a,P48039,Ki,=,7.9,CHEMBL4211018,12.9
65067,COc1ccc2oc(-c3ccccc3)c(CCNC(=O)c3ccco3)c2c1,mtr1a,P48039,Ki,=,7.9,CHEMBL96420,12.9
65068,COc1ccc2oc(-c3c(C)cccc3C)c(CCNC(C)=O)c2n1,mtr1a,P48039,Ki,=,6.9,CHEMBL3764421,120.0
65069,COc1ccc2[nH]c(CN3CCCC3)c(CCNC(C)=O)c2c1,mtr1a,P48039,Ki,=,6.9,CHEMBL514904,120.2
65070,COc1cccc(S[C@H](C)CNC(=O)C2CC2)c1,mtr1a,P48039,Ki,=,6.9,CHEMBL1223191,120.2
65071,O=C(NCCc1c2n(c3ccccc13)Cc1ccccc1-2)C1CCC1,mtr1a,P48039,Ki,=,5.9,CHEMBL9934,1200.0
65072,CC(=O)NC/C(=C\c1ccccc1)c1ccccc1,mtr1a,P48039,Ki,=,5.9,CHEMBL218808,1202.3
65073,CC(=O)NC(C)COc1ccccc1,mtr1a,P48039,Ki,=,4.9,CHEMBL1223273,12022.6
65074,COc1cccc(SCC(C)NC(C)=O)c1,mtr1a,P48039,Ki,=,4.9,CHEMBL1223279,12022.6
65075,CCC(=O)NCCCc1cc(OC)ccc1OCc1cccc(OC)c1,mtr1a,P48039,Ki,=,6.9,CHEMBL2326199,121.0
65076,COc1ccc2c(CN3CCN(c4cccc(Cl)c4)CC3)cn(CCNC(C)=O)c2n1,mtr1a,P48039,Ki,=,5.9,CHEMBL1760952,1210.0
65077,CC(=O)NC[C@@H]1CCc2ccccc2N1Cc1ccccc1,mtr1a,P48039,Ki,=,6.9,CHEMBL3612470,122.0
65078,COc1cccc2[nH]c(CNC(C)=O)cc12,mtr1a,P48039,Ki,=,5.9,CHEMBL99534,1230.3
65079,COc1cnc2cccc(CCNC(=O)C3CC3)c2c1,mtr1a,P48039,Ki,=,6.9,CHEMBL4097817,124.0
65080,CCOC(=O)Nc1cccc(-c2cc(CCNC(C)=O)c3cc(OC)ccc3c2)c1,mtr1a,P48039,Ki,=,6.9,CHEMBL478218,124.0
65081,CCC(=O)NCCc1cc(-c2cccc(CO)c2)cc2ccc(OC)cc12,mtr1a,P48039,Ki,=,6.9,CHEMBL518113,125.0
65082,CC(=O)NCCN(c1ccccc1)c1ccccc1,mtr1a,P48039,Ki,=,6.9,CHEMBL237840,125.9
65083,COc1cc(-c2ccccc2)c2c(c1)c(CCNC(C)=O)cn2C,mtr1a,P48039,Ki,=,5.9,CHEMBL233740,1258.9
65084,COc1ccc2cc(-c3cccc(CI)c3)cc(CCNC(C)=O)c2c1,mtr1a,P48039,Ki,=,6.9,CHEMBL477833,126.0
65085,COc1ccc(OC)c(CCCNC(C)=O)c1,mtr1a,P48039,Ki,=,5.9,CHEMBL1092400,1280.0
65086,CCC(=O)NCc1cc2c(OC)cccc2n1Cc1ccc(Cl)cc1,mtr1a,P48039,Ki,=,5.9,CHEMBL33185,1288.3
65087,CCC(=O)NCc1cc2ccc(OC)cc2n1Cc1ccccc1,mtr1a,P48039,Ki,=,5.9,CHEMBL97885,1288.3
65088,COc1ccc2[nH]c(CN(C)Cc3ccccc3)c(CCNC(C)=O)c2c1,mtr1a,P48039,Ki,=,5.9,CHEMBL538129,1288.3
65089,COc1cccc(N(CCN(C)C(C)=O)c2ccccc2)c1,mtr1a,P48039,Ki,=,5.9,CHEMBL235334,1288.3
65090,COc1cc(-c2ccccc2)c2[nH]cc(CCNC(C)=O)c2c1,mtr1a,P48039,Ki,=,4.9,CHEMBL233311,12882.5
65091,CC(C)C(=O)N[C@@H]1CCN(c2cccc3c2CCO3)C1,mtr1a,P48039,Ki,=,6.9,CHEMBL336024,129.0
65092,CCC(=O)NCC1CCc2ccccc2N1,mtr1a,P48039,Ki,=,7.9,CHEMBL3612456,13.0
65093,COc1ccc2oc(=O)cc(CCNC(C)=O)c2c1,mtr1a,P48039,Ki,=,7.9,CHEMBL3628489,13.0
65094,CC(=O)NCCC1=C(c2cccc(C(C)C)c2)Cc2ccc3c(c21)CCO3,mtr1a,P48039,Ki,=,7.9,CHEMBL1774529,13.0
65095,CCC(=O)NCCCc1cccc2nc(-c3ccccc3)oc12,mtr1a,P48039,Ki,=,7.9,CHEMBL125033,13.1
65096,CCc1nc2cccc(CCCNC(=O)C(C)C)c2o1,mtr1a,P48039,Ki,=,7.9,CHEMBL262890,13.2
65097,COc1cccc(N(CCNC(C)=O)c2ccc3ccccc3c2)c1,mtr1a,P48039,Ki,=,6.9,CHEMBL237234,131.8
65098,CCNC(=O)NCC1CCc2c(OC)cccc2N1Cc1ccccc1,mtr1a,P48039,Ki,=,6.9,CHEMBL3612463,132.0
65099,COc1cccc(C(CCNC(C)=O)c2ccc3ccccc3c2)c1,mtr1a,P48039,Ki,=,6.9,CHEMBL457128,132.0
65100,CCC(=O)NCCc1cc2c(OC)cccc2[nH]1,mtr1a,P48039,Ki,=,6.9,CHEMBL99084,134.9
65101,CCC(=O)NCCCc1cc(OC)ccc1OCc1cccc(OC)c1,mtr1a,P48039,Ki,=,5.9,CHEMBL2326199,1349.0
65102,COc1ccc2cc(-c3cccc(C=O)c3)cc(CCNC(C)=O)c2c1,mtr1a,P48039,Ki,=,6.9,CHEMBL491604,137.0
65103,CC(=O)NCC(C)Oc1ccccc1,mtr1a,P48039,Ki,=,5.9,CHEMBL1222985,1380.4
65104,COc1ccc2cc(-c3cccc(CN)c3)cc(CCNC(C)=O)c2c1,mtr1a,P48039,Ki,=,5.9,CHEMBL477834,1390.0
65105,C#CCNC(=O)Cc1c[nH]c2ccc(OC)cc12,mtr1a,P48039,Ki,=,7.9,CHEMBL3580907,14.0
65106,CCC(=O)NCCc1cn(C)c2c(Br)cc(OC)cc12,mtr1a,P48039,Ki,=,7.9,CHEMBL233310,14.1
65107,COc1ccc2oc(Cc3ccccc3OC)c(CCNC(C)=O)c2c1,mtr1a,P48039,Ki,=,7.8,CHEMBL329960,14.3
65108,CC(=O)NCCN(C)c1cccc(OCCCCCCOc2ccccc2)c1,mtr1a,P48039,Ki,=,7.8,CHEMBL1813324,14.5
65109,CCOc1ccc2c(c1)c(CCNC(=O)CC)c1n2Cc2ccccc2-1,mtr1a,P48039,Ki,=,7.8,CHEMBL9630,14.5
65110,COc1cc2c(CCNC(C)=O)c[nH]c2cc1[N+](=O)[O-],mtr1a,P48039,Ki,=,7.8,CHEMBL298335,14.6
65111,CCNC(=S)NCc1cc2c(ccc3ccc(OC)cc32)o1,mtr1a,P48039,Ki,=,6.9,CHEMBL3759677,140.0
65112,COc1ccc2[nH]c(CN3CCc4ccccc43)c(CCNC(=O)C3CCC3)c2c1,mtr1a,P48039,Ki,=,5.9,CHEMBL445427,1400.0
65113,COc1ccc2c(c1)c(CCNC(C)=O)cn2Cc1ccccc1,mtr1a,P48039,Ki,=,6.9,CHEMBL34327,141.3
65114,CCC(=O)NCCCc1cccc2nc(C(C)C)oc12,mtr1a,P48039,Ki,=,6.9,CHEMBL123634,142.0
65115,COc1cccc(COc2ccc(CCCNC(C)=O)cc2OC)c1,mtr1a,P48039,Ki,=,5.8,CHEMBL1093457,1460.0
65116,COc1ccc2[nH]c(CN3c4ccccc4CC3C)c(CCNC(C)=O)c2c1,mtr1a,P48039,Ki,=,6.8,CHEMBL508552,147.9
65117,CCC(=O)NCCc1nncc2ccc(OC)cc12,mtr1a,P48039,Ki,=,5.8,CHEMBL4745789,1470.0
65118,CCC(=O)NCCc1c2n(c3ccccc13)CCc1ccccc1-2,mtr1a,P48039,Ki,=,6.8,CHEMBL273897,148.0
65119,COc1ccc2c(c1)c(C1(CNC(C)=O)CCCC1)cn2C,mtr1a,P48039,Ki,=,6.8,CHEMBL379403,148.0
65120,COc1ccc2[nH]c(CN(C)c3ccccc3)c(CCNC(C)=O)c2c1,mtr1a,P48039,Ki,=,7.8,CHEMBL560865,15.5
65121,CCC(=O)NCCc1cn(C)c2c(C)cc(OC)cc12,mtr1a,P48039,Ki,=,7.8,CHEMBL233516,15.9
65122,COc1ccc2cc(-c3cccc(CO)c3)cc(CCNC(=O)C3CCC3)c2c1,mtr1a,P48039,Ki,=,5.8,CHEMBL478438,1510.0
65123,CCC(=O)NCC1(c2cn(C)c3ccc(O)cc23)CCC1,mtr1a,P48039,Ki,=,5.8,CHEMBL426861,1514.0
65124,CC(=O)NCCc1c(Cc2ccccc2)oc2ccccc12,mtr1a,P48039,Ki,=,6.8,CHEMBL440144,155.0
65125,CCNC(=O)NCCc1coc2ccc3ccc(OC)cc3c12,mtr1a,P48039,Ki,=,6.8,CHEMBL3760044,157.0
65126,COc1ccc2ccc3occ(CNC(=O)C(C)C)c3c2c1,mtr1a,P48039,Ki,=,6.8,CHEMBL3759054,158.0
65127,CC(=O)NCCc1c(Cc2ccccc2)[nH]c2ccccc12,mtr1a,P48039,Ki,=,6.8,CHEMBL286615,158.0
65128,COc1ccc2c(I)cn(CCNC(C)=O)c2n1,mtr1a,P48039,Ki,=,7.8,CHEMBL1760956,16.0
65129,CCS(=O)(=O)NC(=O)CCc1cccc2ccc(OC)nc12,mtr1a,P48039,Ki,=,7.8,CHEMBL4100108,16.0
65130,CCCC(=O)NCCCc1cccc2oc(CCCCc3ccccc3)cc12,mtr1a,P48039,Ki,=,7.8,CHEMBL184990,16.0
65131,O=C(NC[C@@H]1CC1c1cccc2oc(CCCCc3ccccc3)cc12)C1CC1,mtr1a,P48039,Ki,=,7.8,CHEMBL360428,16.0
65132,CCC(=O)NCCN(C)c1cccc(OCCCCCCNC(=O)Oc2cccc(-c3ccccc3)c2)c1,mtr1a,P48039,Ki,=,7.8,CHEMBL4215980,16.2
65133,CC(=O)NCCc1c[nH]c2ccc(OCCO)cc12,mtr1a,P48039,Ki,=,7.8,CHEMBL126809,17.0
65134,CC(=O)NCCN(c1ccccc1)c1cccc(Br)c1,mtr1a,P48039,Ki,=,7.8,CHEMBL235328,17.0
65135,COc1ccc2c(c1)C(CCNC(C)=O)Cc1ccccc1C2,mtr1a,P48039,Ki,=,6.8,CHEMBL187160,162.2
65136,COc1ccc2[nH]c(CCNC(C)=O)cc2c1,mtr1a,P48039,Ki,=,4.8,CHEMBL319970,16218.1
65137,CCCC(=O)NCCCc1cccc2nc(CCC)oc12,mtr1a,P48039,Ki,=,6.8,CHEMBL124782,166.0
65138,CCC(=O)NCC1CCc2c(OC)cccc2N1Cc1ccccc1,mtr1a,P48039,Ki,=,7.8,CHEMBL3612464,17.0
65139,C=CCNC(=O)Cc1c[nH]c2ccc(OC)cc12,mtr1a,P48039,Ki,=,7.8,CHEMBL3580909,17.0
65140,CCNC(=O)NCc1cc2c(ccc3ccc(OC)cc32)o1,mtr1a,P48039,Ki,=,7.8,CHEMBL3759080,17.0
65141,COc1ccc2[nH]c(CN3c4ccccc4CC3CO)c(CCNC(C)=O)c2c1,mtr1a,P48039,Ki,=,7.8,CHEMBL498494,17.5
65142,CCCNC(=O)N[C@H]1CCN(c2cccc3c2CCO3)C1,mtr1a,P48039,Ki,=,7.8,CHEMBL136895,17.7
65143,COc1ccc2[nH]cc(Cc3nc(C)no3)c2c1,mtr1a,P48039,Ki,=,6.8,CHEMBL3580913,170.0
65144,COc1ccc2c(c1)c(C(C)(C)CNC(=O)C1CCC1)cn2C,mtr1a,P48039,Ki,=,6.8,CHEMBL382439,170.0
65145,CC(=O)NCC1CCc2ccccc2N1CCc1ccccc1,mtr1a,P48039,Ki,=,6.8,CHEMBL3612605,171.0
65146,CCCC(=O)NCCc1c2n(c3ccccc13)Cc1ccccc1-2,mtr1a,P48039,Ki,=,6.8,CHEMBL10328,174.0
65147,COc1ccc2c(c1)c(C1(CNC(C)=O)CC1)cn2C,mtr1a,P48039,Ki,=,6.8,CHEMBL209711,176.0
65148,COc1ccc2c(c1)CC1Cn3c(c(CCNC(C)=O)c4cc(OC)ccc43)CN21,mtr1a,P48039,Ki,=,5.8,CHEMBL515696,1778.3
65149,CCCC(=O)Nc1ccc(Oc2cccc3c2CCO3)cc1,mtr1a,P48039,Ki,=,7.8,CHEMBL7700,18.0
65150,CCOc1ccc2c(c1)c(CCNC(C)=O)c1n2Cc2ccccc2-1,mtr1a,P48039,Ki,=,7.7,CHEMBL274896,18.2
65151,COCC(=O)Nc1ccc(Oc2cccc(OC)c2)cc1,mtr1a,P48039,Ki,=,6.8,CHEMBL7659,180.0
65152,COc1ccc2c(c1)c(CCNC(C)=O)cn2-c1ccccc1,mtr1a,P48039,Ki,=,6.7,CHEMBL33869,182.0
65153,COc1ccc2[nH]c(Cn3ccc4ccccc43)c(CCNC(C)=O)c2c1,mtr1a,P48039,Ki,=,6.7,CHEMBL3219324,182.0
65154,CCC(=O)NC[C@@H](CO)c1cccc2ccc(OC)cc12,mtr1a,P48039,Ki,=,6.7,CHEMBL4079214,182.0
65155,COc1ccc2cc(CCNC(C)=O)n(C)c2c1,mtr1a,P48039,Ki,=,5.7,CHEMBL98484,1819.7
65156,COc1ccc2c(c1)CC1Cn3c(c(CCNC(C)=O)c4cc(OC)ccc43)CN21,mtr1a,P48039,Ki,=,5.7,CHEMBL515696,1819.7
65157,CCCc1nc2cccc(CCCNC(C)=O)c2o1,mtr1a,P48039,Ki,=,6.7,CHEMBL124216,183.0
65158,CCOc1ccc(OC)cc1CCCNC(C)=O,mtr1a,P48039,Ki,=,6.7,CHEMBL1091561,183.0
65159,COc1ccc(OCc2ccccn2)c(CCCNC(C)=O)c1,mtr1a,P48039,Ki,=,5.7,CHEMBL1091716,1840.0
65160,CCC(=O)NCC1CCc2cc(OC)ccc2N1Cc1ccccc1,mtr1a,P48039,Ki,=,6.7,CHEMBL3612465,186.0
65161,CC(=O)NCCN(C)c1cccc(OCCCCOc2cccc(O)c2)c1,mtr1a,P48039,Ki,=,6.7,CHEMBL4206516,186.2
65162,COc1ccc2c(c(CCNC(C)=O)c(I)n2C)c1[N+](=O)[O-],mtr1a,P48039,Ki,=,5.7,CHEMBL300728,1880.0
65163,COc1ccc2cccc(CCC(=O)NCCF)c2n1,mtr1a,P48039,Ki,=,7.7,CHEMBL4061905,19.0
65164,CC(=O)N[C@@H]1C[C@H]1c1cccc2ccccc12,mtr1a,P48039,Ki,=,7.7,CHEMBL2314250,19.0
65165,CC(=O)NCCCc1cccc2oc(CCCCc3ccccc3)cc12,mtr1a,P48039,Ki,=,7.7,CHEMBL365852,19.0
65166,COc1cccc(N(CCNC(C)=O)c2cccc(OC)c2)c1,mtr1a,P48039,Ki,=,7.7,CHEMBL394273,19.1
65167,COc1ccc2[nH]c(I)c(CCNC(C)=O)c2c1[N+](=O)[O-],mtr1a,P48039,Ki,=,7.7,CHEMBL52559,19.2
65168,CCCC(=O)NCCc1cn(C)c2c(C)cc(OC)cc12,mtr1a,P48039,Ki,=,7.7,CHEMBL392422,19.5
65169,CC(=O)NCCN(C)c1cccc(OCCCCCCCCOc2cccc(N(C)CCNC(C)=O)c2)c1,mtr1a,P48039,Ki,=,7.7,CHEMBL1813322,20.0
65170,CC(=O)NCCCc1cn2c3c(cccc13)CCC2,mtr1a,P48039,Ki,=,6.7,CHEMBL241928,190.6
65171,CC(C)=CCC/C(C)=C/COc1ccc2ccc(=O)oc2c1,mtr1a,P48039,Ki,=,5.7,CHEMBL307341,1900.0
65172,CCNC(=O)NCCCc1cccc2nc(C(C)C)oc12,mtr1a,P48039,Ki,=,6.7,CHEMBL123972,194.0
65173,CC(=O)NCCc1c2n(c3ccccc13)Cc1ccccc1-2,mtr1a,P48039,Ki,=,6.7,CHEMBL9765,195.0
65174,COc1ccc2oc(-c3cccc4ccccc34)c(CCNC(C)=O)c2n1,mtr1a,P48039,Ki,=,6.7,CHEMBL3764879,198.0
65175,O=C(NCCc1c(-c2ccccc2)[nH]c2ccccc12)C1CCC1,mtr1a,P48039,Ki,=,6.7,CHEMBL14701,199.5
65176,O=C(NCCCc1cccc2c1C[C@@H](CCCCc1ccccc1)O2)C1CC1,mtr1a,P48039,Ki,=,8.7,CHEMBL181974,2.0
65177,CCCC(=O)NC[C@@H]1C[C@H]1c1cccc2c1C[C@@H](CCCCc1ccccc1)O2,mtr1a,P48039,Ki,=,8.7,CHEMBL367604,2.0
65178,CCCC(=O)NCCCc1cccc2c1C[C@@H](CCCCc1ccccc1)O2,mtr1a,P48039,Ki,=,8.7,CHEMBL368886,2.0
65179,COC(=O)NCC1CCc2ccc3ccc(OC)cc3c21,mtr1a,P48039,Ki,=,8.7,CHEMBL4285145,2.0
65180,CCNC(=O)NCC1CCc2ccc3ccc(OC)cc3c21,mtr1a,P48039,Ki,=,8.7,CHEMBL4290302,2.0
65181,CCCNC(=O)NCC1(C)CCc2ccc3ccc(OC)cc3c21,mtr1a,P48039,Ki,=,8.7,CHEMBL4291381,2.0
65182,COc1ccc2cccc(CCNC(N)=O)c2n1,mtr1a,P48039,Ki,=,8.7,CHEMBL4071572,2.0
65183,CNC(=S)NCCc1cccc2ccc(OC)nc12,mtr1a,P48039,Ki,=,8.7,CHEMBL4095210,2.0
65184,CC(=O)NCCc1cccc2ccc(OCCOc3ccc4cccc(CCNC(C)=O)c4c3)cc12,mtr1a,P48039,Ki,=,8.7,CHEMBL14514,2.1
65185,COc1ccc2ccc3oc(CNC(C)=O)cc3c2c1,mtr1a,P48039,Ki,=,8.7,CHEMBL3758717,2.1
65186,CCC(=O)NC[C@@H]1CC1c1cccc2oc(CCCCc3ccccc3)cc12,mtr1a,P48039,Ki,=,8.7,CHEMBL186736,2.1
65187,CNC(=O)N[C@@H]1CCN(c2cccc3c2CCO3)C1,mtr1a,P48039,Ki,=,8.7,CHEMBL344449,2.2
65188,CCCC(=O)NCCc1ccnc2ccc(OC)cc12,mtr1a,P48039,Ki,=,8.7,CHEMBL68864,2.2
65189,CCC(=O)NCCc1c(O)ccc2ccc(OC)cc12,mtr1a,P48039,Ki,=,8.7,CHEMBL440692,2.2
65190,COc1ccc2oc(-c3ccc4ccccc4c3)c(CCNC(C)=O)c2n1,mtr1a,P48039,Ki,=,8.7,CHEMBL3764765,2.2
65191,COc1ccc2c(c1)c(CCNC(C)=O)cn2C,mtr1a,P48039,Ki,=,8.7,CHEMBL33700,2.2
65192,CCCC(=O)NCCCc1cccc2nc(C)oc12,mtr1a,P48039,Ki,=,8.6,CHEMBL338659,2.3
65193,COC(=O)c1ccc(-c2ccc(OCCCCOc3ccc4cccc(CCNC(C)=O)c4c3)cc2)cc1,mtr1a,P48039,Ki,=,8.6,CHEMBL1094545,2.4
65194,CC(=O)NCC1Cc2ccccc2N(c2ccccc2)C1,mtr1a,P48039,Ki,=,8.6,CHEMBL4074273,2.4
65195,CCC(=O)N[C@H]1CCN(c2cccc3oc(CCCCc4ccccc4)cc23)C1,mtr1a,P48039,Ki,=,8.6,CHEMBL186977,2.4
65196,C=CCNC(=O)CCc1c[nH]c2ccc(OC)cc12,mtr1a,P48039,Ki,=,8.6,CHEMBL3580910,2.5
65197,COc1ccc2c(c1)c(CCNC(C)=O)cn2C,mtr1a,P48039,Ki,=,8.6,CHEMBL33700,2.6
65198,CC(=O)NC[C@@H]1CC1c1cccc2oc(CCCCc3ccccc3)cc12,mtr1a,P48039,Ki,=,8.6,CHEMBL186586,2.6
65199,COc1cccc(/C(=C/CNC(C)=O)c2ccccc2)c1,mtr1a,P48039,Ki,=,8.6,CHEMBL218708,2.7
65200,COc1cc(C)c2[nH]cc(CCNC(C)=O)c2c1,mtr1a,P48039,Ki,=,8.6,CHEMBL231872,2.7
65201,CC(=O)NCCC1=C(Cc2ccccc2)Cc2ccc3c(c21)CCO3,mtr1a,P48039,Ki,=,8.6,CHEMBL1774518,2.7
65202,CCC(=O)NCCCc1cccc2nc(C)oc12,mtr1a,P48039,Ki,=,8.6,CHEMBL124577,2.8
65203,COc1ccc2ccc3occ(CCNC(C)=O)c3c2c1,mtr1a,P48039,Ki,=,8.6,CHEMBL3759802,2.8
65204,CCCC(=O)NCCc1c[nH]c2c(C)cc(OC)cc12,mtr1a,P48039,Ki,=,8.5,CHEMBL391350,2.9
65205,CCN1CC(CNC(C)=O)Cc2ccccc21,mtr1a,P48039,Ki,=,7.7,CHEMBL4064626,20.0
65206,COc1ccc2ccc3occ(CNC(=O)C4CC4)c3c2c1,mtr1a,P48039,Ki,=,7.7,CHEMBL3759816,20.0
65207,CC(=O)NCCn1c(-c2ccccc2)nc2ccc3c(c21)CCO3,mtr1a,P48039,Ki,=,7.7,CHEMBL1802021,20.0
65208,COc1ccc2[nH]c(C(=O)OCCCCCOC(=O)c3[nH]c4ccc(OC)cc4c3CCNC(C)=O)c(CCNC(C)=O)c2c1,mtr1a,P48039,Ki,=,7.7,CHEMBL226162,20.1
65209,CC(=O)NCCN(C)c1cccc(OCCCOc2cccc(N(C)CCNC(C)=O)c2)c1,mtr1a,P48039,Ki,=,7.7,CHEMBL1813174,20.4
65210,CCC(=O)NCCCc1ccc(OCc2ccccc2)c(OC)c1,mtr1a,P48039,Ki,=,5.7,CHEMBL1092911,2010.0
65211,CC(=O)N[C@@H]1CCN(c2cccc3c2CCO3)C1,mtr1a,P48039,Ki,=,6.7,CHEMBL136273,202.0
65212,CCC(=O)NCCc1c2n(c3ccccc13)Cc1ccccc1-2,mtr1a,P48039,Ki,=,6.7,CHEMBL269175,204.0
65213,COCc1cccc(-c2cc(CCNC(C)=O)c3cc(OC)ccc3c2)c1,mtr1a,P48039,Ki,=,6.7,CHEMBL491403,204.0
65214,O=C(NCCc1c2n(c3ccccc13)CCc1ccccc1-2)C1CCC1,mtr1a,P48039,Ki,=,5.7,CHEMBL9950,2040.0
65215,CC(=O)NCC(=O)N1c2ccccc2C=Cc2ccccc21,mtr1a,P48039,Ki,=,4.7,CHEMBL364845,20417.4
65216,COc1cc2[nH]cc(CCNC(C)=O)c2cc1OC,mtr1a,P48039,Ki,=,6.7,CHEMBL124699,207.0
65217,CC(=O)N[C@@H](C)COc1ccccc1,mtr1a,P48039,Ki,=,4.7,CHEMBL1223275,20893.0
65218,O=C(NC1CC1)N[C@H]1CCN(c2cccc3c2CCO3)C1,mtr1a,P48039,Ki,=,7.7,CHEMBL136894,21.0
65219,CCNC(=O)NCCCc1cccc2oc(CCCCc3ccccc3)cc12,mtr1a,P48039,Ki,=,7.7,CHEMBL183962,21.0
65220,CC(=O)NCCN(C)c1cccc(OCCCCCCNC(=O)Oc2cccc(-c3ccccc3)c2)c1,mtr1a,P48039,Ki,=,7.7,CHEMBL4211530,21.4
65221,C=CCC(=O)NCCc1c(Cc2cccc(OC)c2)oc2ccc(OC)cc12,mtr1a,P48039,Ki,=,7.7,CHEMBL329086,21.6
65222,COc1ccc2[nH]cc(CCN(C)C)c2c1,mtr1a,P48039,Ki,=,6.7,CHEMBL7257,210.0
65223,COc1ccc2[nH]cc(Cc3nnc(C)o3)c2c1,mtr1a,P48039,Ki,=,6.7,CHEMBL3580915,210.0
65224,CCNC(=O)NCCc1cc2c(ccc3ccc(OC)cc32)o1,mtr1a,P48039,Ki,=,6.7,CHEMBL3759180,210.0
65225,CCC(=O)NCCc1ncnc2ccc(OC)cc12,mtr1a,P48039,Ki,=,6.7,CHEMBL4757920,210.0
65226,COc1ccc2cnnc(CCNC(C)=O)c2c1,mtr1a,P48039,Ki,=,5.7,CHEMBL4759137,2110.0
65227,CCCC(=O)NCC1(c2cn(C)c3ccc(OC)cc23)CC1,mtr1a,P48039,Ki,=,6.7,CHEMBL209712,212.0
65228,CCC(=O)NCC1CCc2ccc(OC)cc2N1Cc1ccccc1,mtr1a,P48039,Ki,=,6.7,CHEMBL3612466,214.0
65229,COc1ccc2[nH]c(C(=O)OCCCCCCCOC(=O)c3[nH]c4ccc(OC)cc4c3CCNC(C)=O)c(CCNC(C)=O)c2c1,mtr1a,P48039,Ki,=,6.7,CHEMBL226163,214.5
65230,COc1cccc(C(CCNC(C)=O)c2ccccc2)c1,mtr1a,P48039,Ki,=,5.7,CHEMBL218773,2187.8
65231,CC(=O)NCC1(c2cn(C)c3ccc(O)cc23)CCC1,mtr1a,P48039,Ki,=,5.7,CHEMBL379504,2188.0
65232,CCC(=O)NC1Cc2ccccc2N(c2ccccc2)C1,mtr1a,P48039,Ki,=,7.7,CHEMBL4064813,22.0
65233,CCNC(=S)NCC1CCc2ccccc2N1C,mtr1a,P48039,Ki,=,7.7,CHEMBL3612609,22.0
65234,CC(=O)N[C@H]1CCN(c2cccc3oc(CCCCc4ccccc4)cc23)C1,mtr1a,P48039,Ki,=,7.7,CHEMBL188016,22.0
65235,O=C(CBr)NCCc1c(Sc2ccc(F)cc2)sc2ccc(F)cc12,mtr1a,P48039,Ki,=,7.7,CHEMBL1779807,22.1
65236,COc1ccc2nc(C3CC3)nc(CCNC(C)=O)c2c1,mtr1a,P48039,Ki,=,7.7,CHEMBL4790145,22.1
65237,CCC(=O)NCCCc1cc(OC)ccc1CCc1cccc(OC)c1,mtr1a,P48039,Ki,=,7.7,CHEMBL2326201,22.2
65238,CCC(=O)NCc1cc2c(OC)cccc2n1-c1ccccc1,mtr1a,P48039,Ki,=,6.7,CHEMBL287343,223.9
65239,CCC(=O)NCCc1c(Sc2ccc(F)cc2)sc2ccc(F)cc12,mtr1a,P48039,Ki,=,6.7,CHEMBL1779805,226.0
65240,COc1cccc(Cc2oc3ccccc3c2CCNC(C)=O)c1,mtr1a,P48039,Ki,=,6.6,CHEMBL445117,229.0
65241,COc1cccc(/C(=C\CNC(C)=O)c2ccccc2)c1,mtr1a,P48039,Ki,=,6.6,CHEMBL425644,229.1
65242,O=C(NCCCc1cccc2nc(-c3ccccc3)oc12)C1CC1,mtr1a,P48039,Ki,=,7.6,CHEMBL445840,23.0
65243,CC(C)C(=O)NC[C@@H]1CC1c1cccc2oc(CCCCc3ccccc3)cc12,mtr1a,P48039,Ki,=,7.6,CHEMBL184562,23.0
65244,COc1cccc(CCCNC(C)=O)c1,mtr1a,P48039,Ki,=,7.6,CHEMBL50398,23.3
65245,COc1ccc2ccc3occ(CCNC(=O)C4CC4)c3c2c1,mtr1a,P48039,Ki,=,7.6,CHEMBL3759606,23.6
65246,C=CCC(=O)NCCc1c(CN2Cc3ccccc3C2)[nH]c2ccc(OC)cc12,mtr1a,P48039,Ki,=,7.6,CHEMBL3219328,24.0
65247,COc1cccc(/C(=C/CNC(C)=O)c2ccccc2)c1,mtr1a,P48039,Ki,=,6.6,CHEMBL218708,230.0
65248,COc1ccc2ncnc(CCNC(C)=O)c2c1,mtr1a,P48039,Ki,=,6.6,CHEMBL4755860,230.0
65249,CCOc1ccc2c(c1)c(CCNC(=O)C1CC1)c1n2Cc2ccccc2-1,mtr1a,P48039,Ki,=,6.6,CHEMBL9600,234.0
65250,C=CC(=O)NCCc1c(Sc2ccc(F)cc2)sc2ccc(F)cc12,mtr1a,P48039,Ki,=,6.6,CHEMBL1779809,236.0
65251,CC(=O)NCC1Cc2ccccc2Cc2ccccc21,mtr1a,P48039,Ki,=,6.6,CHEMBL363321,239.9
65252,COc1ccc2c(Br)c(CCNC(C)=O)n(Cc3ccccc3)c2c1,mtr1a,P48039,Ki,=,6.6,CHEMBL98028,239.9
65253,CC(=O)NCCCc1cccc2nc(C)oc12,mtr1a,P48039,Ki,=,7.6,CHEMBL333810,24.0
65254,COc1ccc(Cc2oc3ccc(OC)cc3c2CCNC(C)=O)cc1,mtr1a,P48039,Ki,=,7.6,CHEMBL317742,24.0
65255,COc1ccc2[nH]c(C(=O)OCCCCCCCCCCOC(=O)c3[nH]c4ccc(OC)cc4c3CCNC(C)=O)c(CCNC(C)=O)c2c1,mtr1a,P48039,Ki,=,7.6,CHEMBL388141,24.2
65256,CC(=O)NCCc1csc2ccc(F)cc12,mtr1a,P48039,Ki,=,7.6,CHEMBL1779803,24.6
65257,COC(=O)c1cccc(-c2cc(CCNC(C)=O)c3cc(OC)ccc3c2)c1,mtr1a,P48039,Ki,=,7.6,CHEMBL491605,24.7
65258,CC(=O)NCCc1c2n(c3ccccc13)CCCc1ccccc1-2,mtr1a,P48039,Ki,=,6.6,CHEMBL273623,240.0
65259,CC(=O)NCCc1cc2ccccc2[nH]1,mtr1a,P48039,Ki,=,5.6,CHEMBL99083,2454.7
65260,CC(=O)NCC1Cc2ccccc2N(CCc2ccccc2)C1,mtr1a,P48039,Ki,=,6.6,CHEMBL4102517,246.0
65261,CNC(=O)N/C=C/c1cccc2ccccc12,mtr1a,P48039,Ki,=,7.6,CHEMBL2314254,25.0
65262,CC(=O)NCCc1cccc2ccc(OCCCc3ccccc3)cc12,mtr1a,P48039,Ki,=,7.6,CHEMBL3739824,25.1
65263,COc1ccc2[nH]c(C(=O)OCCCCCCCCCCCCOC(=O)c3[nH]c4ccc(OC)cc4c3CCNC(C)=O)c(CCNC(C)=O)c2c1,mtr1a,P48039,Ki,=,7.6,CHEMBL220091,25.5
65264,O=C(NCCc1c2n(c3ccccc13)CCCc1ccccc1-2)C1CCC1,mtr1a,P48039,Ki,=,6.6,CHEMBL269670,251.0
65265,COc1ccc2[nH]c(CN3CCc4ccccc4C3)c(CCNC(C)=O)c2c1,mtr1a,P48039,Ki,=,6.6,CHEMBL3219323,251.2
65266,CCC1=C(C)C2=Cc3c(CCNC(C)=O)c4cc(OC)ccc4n3[B-](F)(F)[N+]2=C1C,mtr1a,P48039,Ki,=,6.6,CHEMBL3109562,256.0
65267,CCCC(=O)NCCc1c2n(c3ccc(OCC)cc13)CCCc1ccccc1-2,mtr1a,P48039,Ki,=,6.6,CHEMBL10007,257.0
65268,COc1cc(CCCNC(C)=O)ccc1O,mtr1a,P48039,Ki,=,6.6,CHEMBL1092047,257.0
65269,CCCC(=O)NCCc1c2n(c3ccccc13)CCN(C)C2,mtr1a,P48039,Ki,=,6.6,CHEMBL540182,257.0
65270,COc1ccc2[nH]c(CN(C)c3ccc(Cl)cc3)c(CCNC(C)=O)c2c1,mtr1a,P48039,Ki,=,6.6,CHEMBL560186,257.0
65271,COc1cccc(/C(=C\CNC(=O)C2CCC2)c2ccccc2)c1,mtr1a,P48039,Ki,=,6.6,CHEMBL218709,257.0
65272,COc1ccc2cccc(/C=C/c3n[nH]c(=O)o3)c2c1,mtr1a,P48039,Ki,=,6.6,CHEMBL4797226,260.0
65273,CCC(=O)NCCCc1cc(OC)ccc1OCc1ccccc1,mtr1a,P48039,Ki,=,6.6,CHEMBL1091161,263.0
65274,CC(=O)NCC1(c2cn3c4c(cccc24)CCC3)CCCCC1,mtr1a,P48039,Ki,=,5.6,CHEMBL243002,2630.3
65275,CCOc1ccc2c(c1)c(CCNC(=O)CC)c1n2CCCc2ccccc2-1,mtr1a,P48039,Ki,=,6.6,CHEMBL276005,269.0
65276,COc1cccc(Cc2oc3ccc(OC)cc3c2CCNC(C)=O)c1,mtr1a,P48039,Ki,=,7.6,CHEMBL33549,27.0
65277,CC(=O)NCCN(C)c1cccc(OCCCCCCOc2cccc(OC(=O)NC3CCCCC3)c2)c1,mtr1a,P48039,Ki,=,7.6,CHEMBL4206000,27.5
65278,COc1ccc(COc2ccc(OC)cc2CCCNC(C)=O)cc1,mtr1a,P48039,Ki,=,5.6,CHEMBL1092839,2700.0
65279,COc1ccc2c(c1)c(CCNC(C)=O)c1n2CCCc2ccccc2-1,mtr1a,P48039,Ki,=,6.6,CHEMBL275529,275.0
65280,COc1ccc2cc(-c3cccc(CO)c3)cc(CCNC(C)=O)c2c1,mtr1a,P48039,Ki,=,6.6,CHEMBL476131,275.0
65281,CCC(=O)NCc1[nH]c2cc(OC)ccc2c1Br,mtr1a,P48039,Ki,=,6.6,CHEMBL98956,275.4
65282,COc1cccc(S[C@H](C)CNC(C)=O)c1,mtr1a,P48039,Ki,=,5.6,CHEMBL1223052,2754.2
65283,CCC(=O)NCC1=C(c2ccccc2)c2ccccc2CC1,mtr1a,P48039,Ki,=,7.6,CHEMBL4087265,28.0
65284,COc1ccc2nc(-c3ccccc3)c(CCNC(C)=O)n2c1,mtr1a,P48039,Ki,=,7.6,CHEMBL1823017,28.0
65285,COc1ccc2[nH]cc(Cc3ncc(C)o3)c2c1,mtr1a,P48039,Ki,=,6.6,CHEMBL3580911,280.0
65286,COc1ccc2[nH]c(CN3Cc4ccccc4C3)c(CCNC(C)=O)c2c1,mtr1a,P48039,Ki,=,6.6,CHEMBL3219326,281.8
65287,COc1ccc(SCCNC(C)=O)cc1,mtr1a,P48039,Ki,=,5.6,CHEMBL1223126,2818.4
65288,CC(=O)NCCc1c2n(c3ccc(Cl)cc13)Cc1ccccc1-2,mtr1a,P48039,Ki,=,6.6,CHEMBL273624,282.0
65289,O=C(CCCCl)NCCc1c(Sc2ccc(F)cc2)sc2ccc(F)cc12,mtr1a,P48039,Ki,=,5.5,CHEMBL1779808,2860.0
65290,CCc1ccc2oc(Cc3cccc(OC)c3)c(CCNC(C)=O)c2c1,mtr1a,P48039,Ki,=,6.5,CHEMBL96778,288.0
65291,CC(=O)NCCc1c2n(c3ccc(Cl)cc13)CCCc1ccccc1-2,mtr1a,P48039,Ki,=,6.5,CHEMBL274630,288.0
65292,COc1cccc(N(CCNC(C)=O)C(=O)CCCCC(=O)N(CCNC(C)=O)c2cccc(OC)c2)c1,mtr1a,P48039,Ki,=,6.5,CHEMBL1813327,288.4
65293,COc1ccc2oc(Cc3cccnc3)c(CCNC(C)=O)c2c1,mtr1a,P48039,Ki,=,7.5,CHEMBL94745,29.0
65294,CCCC(=O)Nc1ccc(Sc2cccc(OC)c2)cc1,mtr1a,P48039,Ki,=,7.5,CHEMBL7771,29.0
65295,CCNC(=S)NCC1CCc2ccc3ccc(OC)cc3c21,mtr1a,P48039,Ki,=,7.5,CHEMBL4277390,29.0
65296,COc1cnc2cccc(CCNC(=O)CF)c2c1,mtr1a,P48039,Ki,=,7.5,CHEMBL4097693,29.0
65297,CC(=O)NCCN(C)c1cccc(OCCCCCCNC(=O)Oc2cccc(-c3cccc(O)c3)c2)c1,mtr1a,P48039,Ki,=,7.5,CHEMBL4207166,29.5
65298,O=C(NCC1CCc2ccccc2N1Cc1ccccc1)C1CC1,mtr1a,P48039,Ki,=,6.5,CHEMBL3612471,291.0
65299,COc1ccc(OCCc2ccccc2)c(CCCNC(C)=O)c1,mtr1a,P48039,Ki,=,5.5,CHEMBL1091895,2930.0
65300,CCOc1ccc2c(c1)c(CCNC(=O)C1CC1)c1n2CCCc2ccccc2-1,mtr1a,P48039,Ki,=,5.5,CHEMBL9935,2950.0
65301,COc1ccc2[nH]c(CCCNC(C)=O)cc2c1,mtr1a,P48039,Ki,=,5.5,CHEMBL99000,2951.2
65302,COc1ccc2cc(-c3ccc(CO)cc3)cc(CCNC(C)=O)c2c1,mtr1a,P48039,Ki,=,6.5,CHEMBL476132,297.0
65303,Cc1nc2cccc(CCCNC(=O)C(C)C)c2o1,mtr1a,P48039,Ki,=,8.5,CHEMBL127596,3.0
65304,CNC(=S)NCC1CCc2ccc3ccc(OC)cc3c21,mtr1a,P48039,Ki,=,8.5,CHEMBL4281915,3.0
65305,COc1ccc(C2=C(CCNC(C)=O)c3c(ccc4c3CCO4)C2)cc1,mtr1a,P48039,Ki,=,8.5,CHEMBL1774527,3.0
65306,COc1ccc2c(c1)C(CNC(C)=O)Cc1ccccc1C2=O,mtr1a,P48039,Ki,=,8.5,CHEMBL427516,3.0
65307,CC(=O)NCC1Cc2ccccc2N(c2ccccc2)C1,mtr1a,P48039,Ki,=,8.5,CHEMBL4074273,3.0
65308,CCCC(=O)NC[C@H](C)Oc1cccc(OC)c1,mtr1a,P48039,Ki,=,8.5,CHEMBL1223195,3.1
65309,CCNC(=O)NC[C@@H]1C[C@H]1c1cccc2c1OC(CC)N2,mtr1a,P48039,Ki,=,8.5,CHEMBL19260,3.1
65310,CC(=O)NCCc1cccc2ccc(OCCCCOc3ccc4cccc(CCNC(C)=O)c4c3)cc12,mtr1a,P48039,Ki,=,8.5,CHEMBL14453,3.1
65311,CNC(=O)N/C=C/c1c(OC)ccc2ccccc12,mtr1a,P48039,Ki,=,8.5,CHEMBL2314258,3.1
65312,CCCC(=O)NCCc1c(Cc2ccccc2)oc2ccc(OC)cc12,mtr1a,P48039,Ki,=,8.5,CHEMBL96859,3.3
65313,CCCC(=O)NCCCc1cccc2nc(CCCCc3ccccc3)oc12,mtr1a,P48039,Ki,=,8.5,CHEMBL125705,3.3
65314,CCC(=O)NCCn1ccc2ccc(OC)nc21,mtr1a,P48039,Ki,=,8.5,CHEMBL1760946,3.3
65315,CCC(=O)NC[C@H](CO)c1cccc2ccc(OC)cc12,mtr1a,P48039,Ki,=,8.5,CHEMBL4074895,3.4
65316,CC(=O)NCCN(C)c1cccc(OCCCCCCOc2cccc(N(C)CCNC(C)=O)c2)c1,mtr1a,P48039,Ki,=,8.5,CHEMBL1813321,3.4
65317,CCC(=O)NC[C@@H]1CN(C)c2ccccc2[C@@H]1c1ccccc1,mtr1a,P48039,Ki,=,8.5,CHEMBL4068887,3.4
65318,CCCCCCOc1ccc2c(c1)C(CCNC(C)=O)CCO2,mtr1a,P48039,Ki,=,8.5,CHEMBL3260984,3.4
65319,CC(=O)NCCc1cccc2ccc(OCCCCOc3ccc4scc(CCNC(C)=O)c4c3)cc12,mtr1a,P48039,Ki,=,8.5,CHEMBL1097497,3.5
65320,CCC(=O)NCCCc1cccc2nc(CC)oc12,mtr1a,P48039,Ki,=,8.5,CHEMBL124362,3.5
65321,CCCC1Nc2cccc([C@@H]3C[C@H]3CNC(=O)NCC)c2O1,mtr1a,P48039,Ki,=,8.5,CHEMBL19109,3.5
65322,CCC(=O)NC[C@@H]1CCc2ccccc2[C@@H]1c1ccccc1,mtr1a,P48039,Ki,=,8.5,CHEMBL4083618,3.5
65323,C=CCC(=O)NCCc1c(Cc2ccccc2)oc2ccc(OC)cc12,mtr1a,P48039,Ki,=,8.5,CHEMBL97186,3.5
65324,COc1cc(Br)c2[nH]cc(CCNC(C)=O)c2c1,mtr1a,P48039,Ki,=,8.5,CHEMBL233728,3.5
65325,COc1cccc(OC(C)CNC(C)=O)c1,mtr1a,P48039,Ki,=,8.4,CHEMBL1222986,3.6
65326,CCCC(=O)N[C@H]1CCN(c2cccc(OC)c2)C1,mtr1a,P48039,Ki,=,8.4,CHEMBL139497,3.7
65327,COc1ccc2ccccc2c1[C@@H]1C[C@H]1NC(C)=O,mtr1a,P48039,Ki,=,8.4,CHEMBL2314252,3.7
65328,CC(C)C(=O)NCCCc1cccc2oc(CCCCc3ccccc3)cc12,mtr1a,P48039,Ki,=,8.4,CHEMBL187186,3.7
65329,CCCC(=O)NC[C@H](C)Sc1cccc(OC)c1,mtr1a,P48039,Ki,=,8.4,CHEMBL1223198,3.9
65330,O=C(N[C@@H]1CCN(c2cccc3c2CCO3)C1)C1CC1,mtr1a,P48039,Ki,=,8.4,CHEMBL138228,3.9
65331,CC(=O)NCCc1cccc2ccc(OCCCOc3ccc4cccc(CCNC(C)=O)c4c3)cc12,mtr1a,P48039,Ki,=,8.4,CHEMBL429392,3.9
65332,CC(=O)NCCc1c[nH]c2ccc(OCCCc3ccccc3)cc12,mtr1a,P48039,Ki,=,8.4,CHEMBL3260985,3.9
65333,CC(=O)NCCN(C)c1cccc(OCCCCCCCCCCOc2cccc(N(C)CCNC(C)=O)c2)c1,mtr1a,P48039,Ki,=,8.4,CHEMBL1813323,4.0
65334,CC(=O)NCCCc1cccc2ncoc12,mtr1a,P48039,Ki,=,7.5,CHEMBL124488,30.0
65335,CCC(=O)Nc1ccc(Oc2cccc(OC)c2)cc1,mtr1a,P48039,Ki,=,6.5,CHEMBL266970,300.0
65336,COc1ccc2[nH]c(CN3CCc4ccc([N+](=O)[O-])cc43)c(CCNC(C)=O)c2c1,mtr1a,P48039,Ki,=,6.5,CHEMBL513933,302.0
65337,COc1ccc2c(c1)c(CCNC(C)=O)c1n2CC2Cc3ccccc3N2C1,mtr1a,P48039,Ki,=,6.5,CHEMBL514413,302.0
65338,CCC(=O)NCC1(c2cn(C)c3ccc(OC)cc23)CCCC1,mtr1a,P48039,Ki,=,6.5,CHEMBL382555,302.0
65339,COc1ccc2cnnc(CCNC(=O)C3CC3)c2c1,mtr1a,P48039,Ki,=,5.5,CHEMBL4780509,3020.0
65340,CCNC(=S)NCC1CCc2ccccc2N1,mtr1a,P48039,Ki,=,6.5,CHEMBL3612460,305.0
65341,COc1ccc2c(c1)c(C1(CNC(=O)C3CC3)CCC1)cn2C,mtr1a,P48039,Ki,=,6.5,CHEMBL382579,307.0
65342,CCC(=O)NCCCc1cc2c(OC)cccc2n1-c1ccccc1,mtr1a,P48039,Ki,=,6.5,CHEMBL99001,309.0
65343,CC(=O)NCCN(C)c1cccc(OCCCCN)c1,mtr1a,P48039,Ki,=,5.5,CHEMBL4214348,3090.3
65344,CCCC(=O)Nc1ccc(Nc2cccc(OC)c2)cc1,mtr1a,P48039,Ki,=,7.5,CHEMBL7229,31.0
65345,COc1ccc2oc(-c3c4ccccc4cc4ccccc34)c(CCNC(C)=O)c2n1,mtr1a,P48039,Ki,=,7.5,CHEMBL3764063,31.0
65346,COc1ccc2oc(CCCc3ccccc3)c(CCNC(C)=O)c2c1,mtr1a,P48039,Ki,=,7.5,CHEMBL98074,31.5
65347,CC(=O)NCCN(C)c1cccc(OCCCCCCCCNC(=O)Oc2cccc(-c3ccccc3)c2)c1,mtr1a,P48039,Ki,=,7.5,CHEMBL4206642,31.6
65348,COc1cnc2cccc(CCNC(N)=O)c2c1,mtr1a,P48039,Ki,=,6.5,CHEMBL4096197,315.0
65349,COc1cccc2c1c(Br)c(CNC(C)=O)n2Cc1ccccc1,mtr1a,P48039,Ki,=,5.5,CHEMBL98520,3162.3
65350,CC(=O)NC(C)CSc1ccccc1,mtr1a,P48039,Ki,=,4.5,CHEMBL1223345,31622.8
65351,CNC(=O)NCC1CCc2ccc3ccc(OC)cc3c21,mtr1a,P48039,Ki,=,7.5,CHEMBL4279639,32.0
65352,COc1ccc2c(c1)c(CCNC(C)=O)c1n2[B-](F)(F)[N+]2=C(C)C=C(C)C2=C1,mtr1a,P48039,Ki,=,7.5,CHEMBL3109563,32.0
65353,COc1ccc2[nH]c(Cc3ccccc3)c(CCNC(C)=O)c2c1,mtr1a,P48039,Ki,=,7.5,CHEMBL339105,32.7
65354,CCC(=O)NCCCc1cc(OC)ccc1-c1cccc(OC)c1,mtr1a,P48039,Ki,=,7.5,CHEMBL2326203,32.7
65355,CCCC(=O)NCCc1ncnc2ccc(OC)cc12,mtr1a,P48039,Ki,=,6.5,CHEMBL4748822,320.0
65356,COc1cccc(N(CCNC(=O)C2CCC2)c2ccccc2)c1,mtr1a,P48039,Ki,=,6.5,CHEMBL238049,323.6
65357,CCC(=O)NCCC1CCc2ccccc2N1Cc1ccccc1,mtr1a,P48039,Ki,=,6.5,CHEMBL3612610,326.0
65358,CCNC(=O)NC[C@@H]1C[C@H]1c1cccc2oc(CCCCc3ccccc3)cc12,mtr1a,P48039,Ki,=,7.5,CHEMBL362097,33.0
65359,CCCC(=O)NCCc1cn(C)c2c(Br)cc(OC)cc12,mtr1a,P48039,Ki,=,7.5,CHEMBL394406,33.1
65360,COc1cccc2c1cc(CCNC(=O)C1CC1)n2-c1ccccc1,mtr1a,P48039,Ki,=,6.5,CHEMBL318871,331.1
65361,CC(C)c1nc2cccc(CCCNC(=O)C3CC3)c2o1,mtr1a,P48039,Ki,=,7.5,CHEMBL331317,34.0
65362,CCOC(=O)Nc1ccc(N(C)c2cccc(OC)c2)cc1,mtr1a,P48039,Ki,=,7.5,CHEMBL7556,34.0
65363,COc1ccc2cccc(CCC(=O)NC3CC3)c2n1,mtr1a,P48039,Ki,=,7.5,CHEMBL4070527,34.0
65364,CCC(=O)NCC1(c2cn(C)c3ccc(OC)cc23)CCC1,mtr1a,P48039,Ki,=,7.5,CHEMBL424693,34.0
65365,COc1ccc2c(c1)CC(CO)N2Cc1[nH]c2ccc(OC)cc2c1CCNC(C)=O,mtr1a,P48039,Ki,=,7.5,CHEMBL525374,34.5
65366,CC(=O)NCCN(C)c1cccc(OCCCCOc2cccc(OC(=O)NC3CCCCC3)c2)c1,mtr1a,P48039,Ki,=,7.5,CHEMBL4210884,34.7
65367,CCNC(=O)NCCCc1cccc2nc(-c3ccccc3)oc12,mtr1a,P48039,Ki,=,6.5,CHEMBL127576,340.0
65368,COc1ccc2cccc([C@H](CO)CNC(=O)CF)c2c1,mtr1a,P48039,Ki,=,6.5,CHEMBL4066279,346.7
65369,COc1cccc(OC[C@H](C)NC(C)=O)c1,mtr1a,P48039,Ki,=,6.5,CHEMBL1223278,346.7
65370,CC(=O)NCCc1cccc2ccc(OCCCOc3ccccc3)cc12,mtr1a,P48039,Ki,=,7.5,CHEMBL3740052,35.0
65371,COc1ccc2[nH]cc(CCc3n[nH]c(=O)o3)c2c1,mtr1a,P48039,Ki,=,7.5,CHEMBL3580919,35.0
65372,COc1cccc(OCC(C)NC(C)=O)c1,mtr1a,P48039,Ki,=,6.5,CHEMBL1223276,354.8
65373,CCCC(=O)Nc1ccc(N(C)c2cccc3c2CCO3)cc1,mtr1a,P48039,Ki,=,7.4,CHEMBL7807,36.0
65374,CCC(=O)NCCC(c1ccccc1)c1cccc(OC)c1,mtr1a,P48039,Ki,=,6.4,CHEMBL218774,363.1
65375,CC(=O)NC/C(=C/c1ccccc1)c1ccccc1,mtr1a,P48039,Ki,=,5.4,CHEMBL218926,3630.8
65376,COc1ccccc1SCCNC(C)=O,mtr1a,P48039,Ki,=,5.4,CHEMBL1223127,3630.8
65377,COc1cccc(OC[C@@H](C)NC(C)=O)c1,mtr1a,P48039,Ki,=,4.4,CHEMBL1223277,36307.8
65378,CCC(=O)NCC1CCc2ccccc2N1Cc1ccccc1,mtr1a,P48039,Ki,=,7.4,CHEMBL3612467,37.0
65379,O=c1ccc2ccc(O/C=C/c3ccccc3)cc2o1,mtr1a,P48039,Ki,=,6.4,CHEMBL4175759,370.0
65380,O=C(NCCCc1cn2c3c(cccc13)CCC2)C1CCC1,mtr1a,P48039,Ki,=,6.4,CHEMBL242786,371.5
65381,CC(=O)N[C@@H](C)CSc1ccccc1,mtr1a,P48039,Ki,=,5.4,CHEMBL1223347,3715.4
65382,COc1ccccc1OCCNC(C)=O,mtr1a,P48039,Ki,=,4.4,CHEMBL1223055,37153.5
65383,COc1ccc(O)c(CCCNC(C)=O)c1,mtr1a,P48039,Ki,=,6.4,CHEMBL1092062,379.0
65384,CCC(=O)NCCc1c(CN2CCc3ccccc32)[nH]c2ccc(OC)cc12,mtr1a,P48039,Ki,=,7.4,CHEMBL457352,38.0
65385,CCC(=O)NCCCc1cc(OC)ccc1C#Cc1cccc(OC)c1,mtr1a,P48039,Ki,=,7.4,CHEMBL2326200,38.2
65386,COc1ccc2cc(-c3cccc(NC(C)=O)c3)cc(CCNC(C)=O)c2c1,mtr1a,P48039,Ki,=,7.4,CHEMBL489170,38.4
65387,CC(=O)NCCN(C)c1cccc(OCCCCCCNC(=O)Oc2cccc(-c3cccc(C(N)=O)c3)c2)c1,mtr1a,P48039,Ki,=,7.4,CHEMBL4218897,38.9
65388,COc1cccc(N(CCCCCCCCCCN(CCNC(C)=O)c2cccc(OC)c2)CCNC(C)=O)c1,mtr1a,P48039,Ki,=,6.4,CHEMBL1813326,380.2
65389,COc1cccc2cc(CCNC(C)=O)[nH]c12,mtr1a,P48039,Ki,=,5.4,CHEMBL316952,3801.9
65390,CC(=O)NCCSc1ccccc1,mtr1a,P48039,Ki,=,5.4,CHEMBL1223125,3801.9
65391,COc1ccc2cc(-c3cccc(C(=O)O)c3)cc(CCNC(C)=O)c2c1,mtr1a,P48039,Ki,=,5.4,CHEMBL490594,3830.0
65392,COc1ccc2[nH]cc(CCNC(=O)CCCCCCCCC(=O)NCCc3c[nH]c4ccc(OC)cc34)c2c1,mtr1a,P48039,Ki,=,6.4,CHEMBL388591,387.0
65393,CC(=O)NCCc1c2n(c3ccccc13)CCc1ccccc1-2,mtr1a,P48039,Ki,=,6.4,CHEMBL9634,389.0
65394,CC(=O)NCCC1Cc2ccccc2Cc2ccccc21,mtr1a,P48039,Ki,=,6.4,CHEMBL364835,389.1
65395,CCC(=O)NCCc1cccc(Cc2ccccc2)c1,mtr1a,P48039,Ki,=,6.4,CHEMBL215252,389.1
65396,CCNC(=O)N[C@H]1CCN(c2cccc3oc(CCCCc4ccccc4)cc23)C1,mtr1a,P48039,Ki,=,7.4,CHEMBL359561,39.0
65397,CCC(=O)NCCCc1cc(OC)ccc1Cc1cccc(OC)c1,mtr1a,P48039,Ki,=,7.4,CHEMBL2326202,39.5
65398,COc1ccc2c(Br)c(CCNC(C)=O)[nH]c2c1,mtr1a,P48039,Ki,=,5.4,CHEMBL99512,3981.1
65399,CC(C)C(=O)NCCCc1cccc2c1C[C@@H](CCCCc1ccccc1)O2,mtr1a,P48039,Ki,=,8.4,CHEMBL181687,4.0
65400,CC(=O)NCCCc1cccc2c1C[C@@H](CCCCc1ccccc1)O2,mtr1a,P48039,Ki,=,8.4,CHEMBL362849,4.0
65401,CNC(=S)NCC1CCc2ccc3ccc(OC)cc3c21,mtr1a,P48039,Ki,=,8.4,CHEMBL4281915,4.0
65402,COc1ccc2ccc3c(c2c1)C(CCNC(C)=O)CC3,mtr1a,P48039,Ki,=,8.4,CHEMBL4288925,4.0
65403,CCNC(=S)NCC1(C)CCc2ccc3ccc(OC)cc3c21,mtr1a,P48039,Ki,=,8.4,CHEMBL4292109,4.0
65404,CCNC(=S)NCCc1cccc2ccc(OC)nc12,mtr1a,P48039,Ki,=,8.4,CHEMBL4079699,4.0
65405,CC(=O)NCCc1cccc2ccc(OCCCCOc3ccc4[nH]cc(CCNC(C)=O)c4c3)cc12,mtr1a,P48039,Ki,=,8.4,CHEMBL1095522,4.0
65406,CCCC(=O)NCCc1c2n(c3ccc(OC)cc13)CCc1ccccc1-2,mtr1a,P48039,Ki,=,8.4,CHEMBL10099,4.1
65407,COc1cccc(N(CCNC(C)=O)c2ccccc2)c1,mtr1a,P48039,Ki,=,8.4,CHEMBL235327,4.2
65408,CCCC(=O)NCCN(c1ccccc1)c1cccc(OC)c1,mtr1a,P48039,Ki,=,8.4,CHEMBL279401,4.2
65409,CCC(=O)NCCc1c[nH]c2c(Br)cc(OC)cc12,mtr1a,P48039,Ki,=,8.4,CHEMBL233729,4.2
65410,CCCC(=O)NCC(C)Oc1cccc(OC)c1,mtr1a,P48039,Ki,=,8.4,CHEMBL1223193,4.2
65411,CCCC(=O)NCC(C)c1cn(C)c2ccc(OC)cc12,mtr1a,P48039,Ki,=,8.4,CHEMBL377101,4.3
65412,CCC(=O)NCCc1c(OCCO)ccc2ccc(OC)cc12,mtr1a,P48039,Ki,=,8.4,CHEMBL78751,4.3
65413,CCC(=O)NCCc1c2n(c3ccc(OC)cc13)Cc1ccccc1-2,mtr1a,P48039,Ki,=,8.4,CHEMBL274317,4.4
65414,CCCNC(=O)N[C@@H]1CCN(c2cccc3c2CCO3)C1,mtr1a,P48039,Ki,=,8.4,CHEMBL342393,4.4
65415,CCCC(=O)NCCc1c2n(c3ccc(OC)cc13)Cc1ccccc1-2,mtr1a,P48039,Ki,=,8.4,CHEMBL10009,4.5
65416,CCc1nc2cccc(CCCNC(=O)C3CC3)c2o1,mtr1a,P48039,Ki,=,8.4,CHEMBL125642,4.5
65417,COc1ccc2ccc3occ(CNC(C)=O)c3c2c1,mtr1a,P48039,Ki,=,8.3,CHEMBL3758225,4.6
65418,COc1ccc2cccc(C(CO)CNC(=O)CF)c2c1,mtr1a,P48039,Ki,=,8.3,CHEMBL4095334,4.7
65419,CC(=O)NCCc1c[nH]c2ccc(OCCCCCCCCNC(=O)Oc3cccc(-c4ccccc4)c3)cc12,mtr1a,P48039,Ki,=,8.3,CHEMBL4202816,4.9
65420,CCCC1Nc2cccc([C@@H]3C[C@H]3CNC(=O)C(C)C)c2O1,mtr1a,P48039,Ki,=,8.3,CHEMBL19050,4.9
65421,CCC(=O)NC[C@@H]1C[C@H]1c1cccc2c1OC(C(C)C)N2,mtr1a,P48039,Ki,=,8.3,CHEMBL428692,4.9
65422,CCC(=O)NCC(C)c1cn(C)c2ccc(OC)cc12,mtr1a,P48039,Ki,=,8.3,CHEMBL379616,4.9
65423,CC(C)C(=O)NCCCc1cccc2nc(C(C)C)oc12,mtr1a,P48039,Ki,=,7.4,CHEMBL123973,40.0
65424,CC(=O)NCCCc1cccc2nc(-c3ccccc3)oc12,mtr1a,P48039,Ki,=,7.4,CHEMBL126005,40.0
65425,COc1c[nH]c2ncc(CCNC(C)=O)c-2c1,mtr1a,P48039,Ki,=,7.4,CHEMBL137969,40.0
65426,COc1cc2c(CCNC(C)=O)c[nH]c2cc1O,mtr1a,P48039,Ki,=,7.4,CHEMBL127421,40.2
65427,COc1cccc(Cc2oc3ccc(OC)cc3c2CCNC(C)=O)c1,mtr1a,P48039,Ki,=,7.4,CHEMBL33549,40.6
65428,CCCC(=O)NCCc1c(CN2c3ccccc3CC2C)[nH]c2ccc(OC)cc12,mtr1a,P48039,Ki,=,7.4,CHEMBL457138,40.7
65429,COc1ccc2[nH]c(CN3CCc4cc(C)ccc43)c(CCNC(C)=O)c2c1,mtr1a,P48039,Ki,=,7.4,CHEMBL514427,40.7
65430,COc1cccc(OCCNC(C)=O)c1,mtr1a,P48039,Ki,=,7.4,CHEMBL396132,40.7
65431,CCCOc1ccc(OC)cc1CCCNC(C)=O,mtr1a,P48039,Ki,=,6.4,CHEMBL1091894,400.0
65432,CCC(=O)NCc1cc2c(OC)cccc2[nH]1,mtr1a,P48039,Ki,=,6.4,CHEMBL34728,407.4
65433,CCCC(=O)Nc1ccc(Cc2cccc3c2CCO3)cc1,mtr1a,P48039,Ki,=,7.4,CHEMBL8169,41.0
65434,CCCC(=O)NCCCc1cn2c3c(cccc13)CCC2,mtr1a,P48039,Ki,=,7.4,CHEMBL244472,41.7
65435,CC(=O)NCCC(c1ccccc1)c1ccccc1,mtr1a,P48039,Ki,=,5.4,CHEMBL219177,4168.7
65436,CCC(=O)NCCc1c(OCCN(C)C)ccc2ccc(OC)cc12,mtr1a,P48039,Ki,=,7.4,CHEMBL80792,42.0
65437,O=C(N[C@H]1CCN(c2cccc3oc(CCCCc4ccccc4)cc23)C1)C1CC1,mtr1a,P48039,Ki,=,7.4,CHEMBL363441,42.0
65438,CC(=O)NCCN(C)c1cccc(OCCCCOc2cccc(N(C)CCNC(C)=O)c2)c1,mtr1a,P48039,Ki,=,7.4,CHEMBL1813319,42.7
65439,CCCCCOc1ccc2oc(Cc3ccccc3)c(CCNC(C)=O)c2c1,mtr1a,P48039,Ki,=,7.4,CHEMBL94919,42.7
65440,COc1ccc(OC(C)CNC(C)=O)cc1,mtr1a,P48039,Ki,=,4.4,CHEMBL1222983,42658.0
65441,CNC(=S)NCc1cc2c(ccc3ccc(OC)cc32)o1,mtr1a,P48039,Ki,=,7.4,CHEMBL3759372,43.0
65442,CC(=O)NCC1CNc2ccccc2C1,mtr1a,P48039,Ki,=,6.4,CHEMBL4073210,430.0
65443,COc1ccc2c(c1)c(CCNC(=O)C1CCC1)c1n2CCc2ccccc2-1,mtr1a,P48039,Ki,=,6.4,CHEMBL276490,437.0
65444,CCCc1nc2cccc(CCCNC(=O)C3CC3)c2o1,mtr1a,P48039,Ki,=,7.4,CHEMBL123899,44.0
65445,COc1cccc(COc2ccc(OC)cc2CCCNC(C)=O)c1,mtr1a,P48039,Ki,=,6.4,CHEMBL1092646,441.0
65446,O=c1ccc2ccc(OCc3ccccc3)cc2o1,mtr1a,P48039,Ki,=,6.4,CHEMBL145781,445.0
65447,CC(=O)NCCN(C)c1cccc(OCCCCCCN)c1,mtr1a,P48039,Ki,=,6.4,CHEMBL4209446,446.7
65448,CC(=O)NCC1CCc2ccccc2N1Cc1ccccc1,mtr1a,P48039,Ki,=,7.4,CHEMBL3612468,45.0
65449,CC(=O)NC[C@H]1CCc2ccccc2N1Cc1ccccc1,mtr1a,P48039,Ki,=,7.4,CHEMBL3612469,45.0
65450,COc1ccc2c(c1)c(CCNC(=O)C1CC1)c1n2Cc2ccccc2-1,mtr1a,P48039,Ki,=,7.3,CHEMBL10110,46.8
65451,COc1ccc2c(c1)c(C1(CNC(=O)C3CC3)CCCC1)cn2C,mtr1a,P48039,Ki,=,6.3,CHEMBL206471,468.0
65452,COc1ccc2oc(Cc3cc(C(F)(F)F)cc(C(F)(F)F)c3)c(CCNC(C)=O)c2c1,mtr1a,P48039,Ki,=,6.3,CHEMBL327864,476.0
65453,COc1cccc(SC[C@H](C)NC(C)=O)c1,mtr1a,P48039,Ki,=,6.3,CHEMBL1223281,478.6
65454,COc1ccc2c(c1)c(C1(CNC(=O)C3CCC3)CCCC1)cn2C,mtr1a,P48039,Ki,=,6.3,CHEMBL207959,479.0
65455,COc1cccc(O[C@H](C)CNC(C)=O)c1,mtr1a,P48039,Ki,=,7.3,CHEMBL1223049,49.0
65456,CCNC(=O)NCC1CCc2c(cccc2OC)N1,mtr1a,P48039,Ki,=,6.3,CHEMBL3612457,480.0
65457,COc1ccc2c(c1)c(C1(CNC(C)=O)CCC1)cn2C,mtr1a,P48039,Ki,=,6.3,CHEMBL379413,483.0
65458,CCCCC(=O)n1c(OC)cc2c1=C(CN)C1CCCCC(C)C1C=2,mtr1a,P48039,Ki,=,6.3,CHEMBL123119,489.8
65459,COc1ccc(C2=[N+]3C(=Cc4c(CCNC(C)=O)c5cc(OC)ccc5n4[B-]3(F)F)C=C2)cc1,mtr1a,P48039,Ki,=,7.3,CHEMBL3109561,49.0
65460,COc1cc([N+](=O)[O-])c2[nH]cc(CCNC(C)=O)c2c1,mtr1a,P48039,Ki,=,7.3,CHEMBL300729,49.0
65461,CCC(=O)N[C@@H]1CCN(c2cccc3c2CCO3)C1,mtr1a,P48039,Ki,=,7.3,CHEMBL138848,49.4
65462,COc1ccc2cc(-c3cccc(N(C)C)c3)cc(CCNC(C)=O)c2c1,mtr1a,P48039,Ki,=,7.3,CHEMBL478217,49.8
65463,CCCc1nc2cccc(CCCNC(=O)NCC)c2o1,mtr1a,P48039,Ki,=,6.3,CHEMBL127565,492.0
65464,COc1ccc2[nH]cc(C3(CNC(=O)C4CCC4)CCC3)c2c1,mtr1a,P48039,Ki,=,6.3,CHEMBL377809,493.0
65465,CCNC(=O)NCC1CCc2c(OC)cccc2N1C,mtr1a,P48039,Ki,=,8.3,CHEMBL3612461,5.0
65466,COc1ccc2cccc(CCNC(=O)C(F)(F)F)c2c1,mtr1a,P48039,Ki,=,8.3,CHEMBL322339,5.0
65467,COc1ccc2cccc(CCNC(=O)C(Cl)Cl)c2c1,mtr1a,P48039,Ki,=,8.3,CHEMBL3742090,5.0
65468,C#CCNC(=O)CCc1c[nH]c2ccc(OC)cc12,mtr1a,P48039,Ki,=,8.3,CHEMBL3580908,5.0
65469,COc1ccc2ccc3c(c2n1)C(CCNC(C)=O)CC3,mtr1a,P48039,Ki,=,8.3,CHEMBL4277185,5.0
65470,CCCNC(=O)NCC1CCc2ccc3ccc(OC)cc3c21,mtr1a,P48039,Ki,=,8.3,CHEMBL4294790,5.0
65471,COc1ccc2cccc(CCC(=O)NS(C)(=O)=O)c2n1,mtr1a,P48039,Ki,=,8.3,CHEMBL4089965,5.0
65472,CC(=O)NC[C@@H]1C[C@H]1c1cccc2c1OC(C(C)C)N2,mtr1a,P48039,Ki,=,8.3,CHEMBL278922,5.1
65473,CCCC(=O)NCCc1c[nH]c2c(Br)cc(OC)cc12,mtr1a,P48039,Ki,=,8.3,CHEMBL233308,5.1
65474,CC(=O)NCCc1cccc2ccc(-c3ccc4cccc(CCNC(C)=O)c4c3)cc12,mtr1a,P48039,Ki,=,8.3,CHEMBL1097525,5.2
65475,COc1cccc(NCCNC(C)=O)c1,mtr1a,P48039,Ki,=,8.3,CHEMBL398017,5.2
65476,CCNC(=O)NCC1CCc2ccccc2N1C,mtr1a,P48039,Ki,=,8.3,CHEMBL3612462,5.3
65477,CNC(=O)NCCc1c(Cc2ccccc2)oc2ccc(OC)cc12,mtr1a,P48039,Ki,=,8.3,CHEMBL94301,5.4
65478,COc1cccc(S[C@@H](C)CNC(=O)C2CC2)c1,mtr1a,P48039,Ki,=,8.3,CHEMBL1223192,5.4
65479,COc1ccc2c(c1)c(C(C)CNC(C)=O)cn2C,mtr1a,P48039,Ki,=,8.3,CHEMBL210791,5.5
65480,CCC(=O)NCCc1c(CN2Cc3ccccc3C2)[nH]c2ccc(OC)cc12,mtr1a,P48039,Ki,=,8.3,CHEMBL3219327,5.6
65481,COc1ccc2ccc3oc(CNC(=O)CF)cc3c2c1,mtr1a,P48039,Ki,=,8.2,CHEMBL3759084,5.7
65482,COc1ccc2cccc(CCNC(=O)C(F)(F)F)c2c1,mtr1a,P48039,Ki,=,8.2,CHEMBL322339,5.8
65483,COc1ccc2c(c1)CCN2Cc1[nH]c2ccc(OC)cc2c1CCNC(C)=O,mtr1a,P48039,Ki,=,8.2,CHEMBL515856,5.8
65484,COc1cccc(S[C@@H](C)CNC(C)=O)c1,mtr1a,P48039,Ki,=,8.2,CHEMBL1223053,5.8
65485,CCCN1c2ccccc2CCC1CNC(C)=O,mtr1a,P48039,Ki,=,8.2,CHEMBL3612606,5.8
65486,COc1ccc2cccc([C@@H](CO)CNC(=O)CF)c2c1,mtr1a,P48039,Ki,=,8.2,CHEMBL4087633,5.9
65487,CCC(=O)NCCc1c2n(c3ccc(OC)cc13)CCc1ccccc1-2,mtr1a,P48039,Ki,=,8.2,CHEMBL9997,5.9
65488,COc1ccc2nccc(CCNC(C)=O)c2c1,mtr1a,P48039,Ki,=,8.2,CHEMBL69521,5.9
65489,COc1ccc2cc(-c3ccccc3CO)cc(CCNC(C)=O)c2c1,mtr1a,P48039,Ki,=,8.2,CHEMBL517502,5.9
65490,CCNC(=O)NCCCc1cccc2nc(C)oc12,mtr1a,P48039,Ki,=,7.3,CHEMBL125226,50.0
65491,CCC(=O)NCCc1[nH]c2cccc(OC)c2c1Br,mtr1a,P48039,Ki,=,7.3,CHEMBL99502,50.1
65492,COc1cccc(N(CCNC(C)=O)Cc2ccccc2)c1,mtr1a,P48039,Ki,=,7.3,CHEMBL395437,50.1
65493,COc1ccc2cc(-c3cccc(CBr)c3)cc(CCNC(C)=O)c2c1,mtr1a,P48039,Ki,=,7.3,CHEMBL490595,50.7
65494,O=C(CN1CCCC2Cc3cc4c(cc3C21)OCO4)Nc1ccccc1,mtr1a,P48039,Ki,=,6.3,CHEMBL3329376,500.0
65495,COc1cccc(-c2nc(CCNC(C)=O)c3cc(OC)ccc3n2)c1,mtr1a,P48039,Ki,=,6.3,CHEMBL4747996,500.0
65496,COc1ccc2c(c1)c(CCNC(=O)C1CC1)c1n2CCCc2ccccc2-1,mtr1a,P48039,Ki,=,6.3,CHEMBL10124,501.0
65497,CCC(=O)NC1Cc2ccccc2C(c2ccccc2)C1,mtr1a,P48039,Ki,=,6.3,CHEMBL285718,501.0
65498,CCCc1nc2cccc(CCCNC(=O)CC)c2o1,mtr1a,P48039,Ki,=,7.3,CHEMBL124783,51.0
65499,COc1ccc2c(CN3CCCCC3)cn(CCNC(C)=O)c2n1,mtr1a,P48039,Ki,=,6.3,CHEMBL1760950,510.0
65500,CC(=O)NCC=C(c1ccccc1)c1ccccc1,mtr1a,P48039,Ki,=,6.3,CHEMBL219076,512.9
65501,CCOc1ccc2c(c1)c(CCNC(C)=O)c1n2CCCc2ccccc2-1,mtr1a,P48039,Ki,=,6.3,CHEMBL274995,513.0
65502,CCC(=O)NCCc1c2n(c3ccc(OC)cc13)CCCc1ccccc1-2,mtr1a,P48039,Ki,=,7.3,CHEMBL10293,52.5
65503,C=CCC(=O)NCCc1c(Sc2ccc(F)cc2)sc2ccc(F)cc12,mtr1a,P48039,Ki,=,7.3,CHEMBL1779810,52.8
65504,CC(C)=CCOc1ccc2ccc(=O)oc2c1,mtr1a,P48039,Ki,=,5.3,CHEMBL156692,5200.0
65505,COc1cccc2[nH]c(CNC(=O)C3CCC3)cc12,mtr1a,P48039,Ki,=,6.3,CHEMBL34729,524.8
65506,CCC(=O)NCC(Cc1ccccc1)c1cccc(OC)c1,mtr1a,P48039,Ki,=,6.3,CHEMBL220136,524.8
65507,COc1ccc2cc(-c3ccccc3)cc(CCNC(C)=O)c2c1,mtr1a,P48039,Ki,=,7.3,CHEMBL453138,53.0
65508,C=CC(=O)NCCc1c(Cc2ccccc2)oc2ccc(OC)cc12,mtr1a,P48039,Ki,=,7.3,CHEMBL96548,53.7
65509,CCCC(=O)NCCc1cn(C)c2c(-c3ccccc3)cc(OC)cc12,mtr1a,P48039,Ki,=,5.3,CHEMBL441916,5370.3
65510,COc1cccc(SCCNC(C)=O)c1,mtr1a,P48039,Ki,=,7.3,CHEMBL1223124,55.0
65511,COc1ccc2ncnc(CCNC(=O)C3CC3)c2c1,mtr1a,P48039,Ki,=,6.3,CHEMBL4776540,549.0
65512,CCC(=O)NCCN1c2ccccc2CCc2ccccc21,mtr1a,P48039,Ki,=,6.3,CHEMBL360600,549.5
65513,CC(=O)NCC1=Cc2ccccc2Cc2ccccc21,mtr1a,P48039,Ki,=,6.3,CHEMBL365249,549.5
65514,CCCC(=O)NCCC(c1ccccc1)c1cccc(OC)c1,mtr1a,P48039,Ki,=,6.3,CHEMBL374075,549.5
65515,C=CC(=O)NCCc1c(Cc2cccc(OC)c2)oc2ccc(OC)cc12,mtr1a,P48039,Ki,=,7.3,CHEMBL96916,55.0
65516,COc1ccc2[nH]cc(CCc3nn(CC4CCC4)c(=O)o3)c2c1,mtr1a,P48039,Ki,=,6.3,CHEMBL4793947,550.0
65517,CNc1nnc(CCc2c[nH]c3ccc(OC)cc23)o1,mtr1a,P48039,Ki,=,6.3,CHEMBL4794879,550.0
65518,COc1ccc2c(c1)c(CCNC(C)=O)c1n2CCCN(C)C1,mtr1a,P48039,Ki,=,5.3,CHEMBL562328,5623.4
65519,CC(=O)NCCc1c(Cc2ccccc2)oc2ccc(O)cc12,mtr1a,P48039,Ki,=,6.3,CHEMBL91813,569.0
65520,CCC(=O)NCC1CCc2c(cccc2OC)N1,mtr1a,P48039,Ki,=,7.2,CHEMBL3612455,57.0
65521,CC(=O)NCCc1c(Sc2ccc(F)cc2)sc2ccc(F)cc12,mtr1a,P48039,Ki,=,7.2,CHEMBL1779804,57.0
65522,CCC(=O)NCCN1c2ccccc2C=Cc2ccc(OC)cc21,mtr1a,P48039,Ki,=,7.2,CHEMBL364806,57.5
65523,COc1ccc2[nH]c(Cn3ccc4ccccc43)c(CCNC(=O)C3CCC3)c2c1,mtr1a,P48039,Ki,=,7.2,CHEMBL3219325,57.5
65524,CC(=O)NCCN(C)c1cccc(OCCCCCOc2cccc(N(C)CCNC(C)=O)c2)c1,mtr1a,P48039,Ki,=,7.2,CHEMBL1813320,57.5
65525,COc1ccc2[nH]cc(C3(CNC(=O)C4CC4)CCC3)c2c1,mtr1a,P48039,Ki,=,7.2,CHEMBL206790,57.8
65526,COc1ccc2[nH]cc(CCc3nnco3)c2c1,mtr1a,P48039,Ki,=,6.2,CHEMBL3580917,570.0
65527,CCNC(=O)NCCc1cccc2ncc(OC)cc12,mtr1a,P48039,Ki,=,6.2,CHEMBL4068922,575.0
65528,COc1ccc2ccc(CCNC(C)=O)cc2n1,mtr1a,P48039,Ki,=,7.2,CHEMBL4073867,58.0
65529,COc1cccc(C(=CCNC(C)=O)c2cccc(OC)c2)c1,mtr1a,P48039,Ki,=,7.2,CHEMBL218225,58.9
65530,CC(=O)NCCN(C)c1cccc(OCCCCCCOc2cccc(O)c2)c1,mtr1a,P48039,Ki,=,7.2,CHEMBL4218247,58.9
65531,CCC(=O)NCCc1cn(C)c2c(-c3ccccc3)cc(OC)cc12,mtr1a,P48039,Ki,=,5.2,CHEMBL233945,5888.4
65532,CCCC(=O)NCC1(c2cn3c4c(cccc24)CCC3)CCCCC1,mtr1a,P48039,Ki,=,5.2,CHEMBL243003,5888.4
65533,CCCC(=O)NCC1(c2cn(C)c3ccc(OC)cc23)CCCC1,mtr1a,P48039,Ki,=,6.2,CHEMBL206419,589.0
65534,CC(=O)NCC1Cc2ccccc2N(Cc2ccccc2)C1,mtr1a,P48039,Ki,=,7.2,CHEMBL4084568,59.0
65535,CCC(=O)NC1Cc2ccccc2C(c2ccccc2)C1,mtr1a,P48039,Ki,=,7.2,CHEMBL285718,59.0
65536,COc1ccc2[nH]c(C(=O)OCCCCCCCCCOC(=O)c3[nH]c4ccc(OC)cc4c3CCNC(C)=O)c(CCNC(C)=O)c2c1,mtr1a,P48039,Ki,=,7.2,CHEMBL226171,59.8
65537,COc1cc(/C=C/C(=O)O)ccc1OC/C=C(\C)CCC=C(C)C,mtr1a,P48039,Ki,=,4.2,CHEMBL221960,59000.0
65538,CC(C)C(=O)NC[C@@H]1C[C@H]1c1cccc2c1C[C@@H](CCCCc1ccccc1)O2,mtr1a,P48039,Ki,=,8.2,CHEMBL361854,6.0
65539,CC(C)C(=O)N[C@H]1CCN(c2cccc3c2CCO3)C1,mtr1a,P48039,Ki,=,8.2,CHEMBL138744,6.0
65540,COc1ccc2ccc3c(c2c1)C(CNC(N)=S)CC3,mtr1a,P48039,Ki,=,8.2,CHEMBL4289115,6.0
65541,O=C(NCCCc1cccc2oc(CCCCc3ccccc3)cc12)C1CC1,mtr1a,P48039,Ki,=,8.2,CHEMBL183846,6.0
65542,CC(=O)NCCc1c[nH]c2ccc(OCCCCCCNC(=O)Oc3cccc(-c4ccccc4)c3)cc12,mtr1a,P48039,Ki,=,8.2,CHEMBL4214478,6.0
65543,CCC(=O)NCC(C)(C)c1cn(C)c2ccc(OC)cc12,mtr1a,P48039,Ki,=,8.2,CHEMBL426127,6.0
65544,COc1ccc2c(c1)C(CNC(C)=O)Cc1ccccc1C2,mtr1a,P48039,Ki,=,8.2,CHEMBL189449,6.2
65545,O=C(NCCc1c[nH]c2ccc(OCCCOc3ccccc3)cc12)C(F)F,mtr1a,P48039,Ki,=,8.2,CHEMBL3739674,6.2
65546,O=C(NC1CC1)N[C@@H]1CCN(c2cccc3c2CCO3)C1,mtr1a,P48039,Ki,=,8.2,CHEMBL435023,6.6
65547,CCC(=O)NCCCc1cccc2ncoc12,mtr1a,P48039,Ki,=,8.2,CHEMBL124476,6.6
65548,CCCC(=O)NCCc1c2n(c3ccc(OC)cc13)CCN(C)C2,mtr1a,P48039,Ki,=,8.2,CHEMBL556908,6.6
65549,CC(=O)N/C=C/c1cccc2ccccc12,mtr1a,P48039,Ki,=,8.2,CHEMBL229015,6.7
65550,CCC(=O)NCCc1ccnc2ccc(OC)cc12,mtr1a,P48039,Ki,=,8.2,CHEMBL306468,6.9
65551,CCNC(=O)NC[C@@H]1C[C@H]1c1c(Cl)ccc2c1C[C@@H](CCCCc1ccccc1)O2,mtr1a,P48039,Ki,=,7.2,CHEMBL181457,60.0
65552,CCCc1nc2cccc(CCCNC(=O)C(C)C)c2o1,mtr1a,P48039,Ki,=,7.2,CHEMBL331636,60.0
65553,CCCC(=O)NCCCc1cccc2nc(-c3ccccc3)oc12,mtr1a,P48039,Ki,=,7.2,CHEMBL339784,60.0
65554,COc1cnc2cccc(CCNC(C)=O)c2c1,mtr1a,P48039,Ki,=,7.2,CHEMBL4094436,60.0
65555,CCCC(=O)NCCc1cc(-c2cccc(CO)c2)cc2ccc(OC)cc12,mtr1a,P48039,Ki,=,7.2,CHEMBL476341,60.3
65556,CC(=O)NCCc1c(Cc2ccccc2)[nH]c2ccccc12,mtr1a,P48039,Ki,=,6.2,CHEMBL286615,603.0
65557,CCC(=O)Nc1ccc(Nc2cccc(OC)c2)cc1,mtr1a,P48039,Ki,=,7.2,CHEMBL7215,61.0
65558,COc1cccc(Nc2ccc(NC(=O)C3CC3)cc2)c1,mtr1a,P48039,Ki,=,7.2,CHEMBL7713,61.0
65559,COc1ccc2[nH]c(CN3Cc4ccccc4C3)c(CCNC(=O)C3CC3)c2c1,mtr1a,P48039,Ki,=,7.2,CHEMBL3219329,61.7
65560,CCC(=O)NCCc1c[nH]c2c(-c3ccccc3)cc(OC)cc12,mtr1a,P48039,Ki,=,6.2,CHEMBL233517,616.6
65561,COc1ccc(OCCNC(C)=O)cc1,mtr1a,P48039,Ki,=,4.2,CHEMBL1223054,61659.5
65562,Cn1cc(C2(CNC(=O)C3CC3)CCC2)c2cc(O)ccc21,mtr1a,P48039,Ki,=,6.2,CHEMBL208802,617.0
65563,CCC(=O)NC[C@@H]1CCc2ccccc2[C@H]1c1ccccc1,mtr1a,P48039,Ki,=,7.2,CHEMBL4061850,62.0
65564,CCCC(=O)Nc1ccc(Oc2cccc(OC)c2)cc1,mtr1a,P48039,Ki,=,7.2,CHEMBL7599,63.0
65565,CCCCC(=O)Nc1ccc(Oc2cccc(OC)c2)cc1,mtr1a,P48039,Ki,=,7.2,CHEMBL7650,63.0
65566,CCCNC(=S)NCC1CCc2ccc3ccc(OC)cc3c21,mtr1a,P48039,Ki,=,7.2,CHEMBL4288690,63.0
65567,CCC(=O)NCCc1cc2c(OC)cccc2n1-c1ccccc1,mtr1a,P48039,Ki,=,7.2,CHEMBL100104,63.1
65568,CCC(=O)NCc1cc2c(OC)cccc2n1Cc1ccccc1,mtr1a,P48039,Ki,=,6.2,CHEMBL33346,631.0
65569,COc1cccc2[nH]c(CCNC(C)=O)cc12,mtr1a,P48039,Ki,=,6.2,CHEMBL418789,631.0
65570,CC(=O)N[C@H](C)COc1ccccc1,mtr1a,P48039,Ki,=,4.2,CHEMBL1223274,63095.7
65571,O=C(NCC1CCc2ccccc2N1Cc1ccccc1)C1CCC1,mtr1a,P48039,Ki,=,6.2,CHEMBL3612602,633.0
65572,CCc1ccc2oc(Cc3ccccc3)c(CCNC(C)=O)c2c1,mtr1a,P48039,Ki,=,7.2,CHEMBL96333,64.4
65573,COc1ccc2[nH]cc(CCNC(=O)CCCCCC(=O)NCCc3c[nH]c4ccc(OC)cc34)c2c1,mtr1a,P48039,Ki,=,5.2,CHEMBL225302,6470.0
65574,CCC(=O)NCC1(c2c[nH]c3ccc(OC)cc23)CCC1,mtr1a,P48039,Ki,=,7.2,CHEMBL207420,65.7
65575,CCCC(=O)NCCc1c2n(c3ccc(OC)cc13)CCCc1ccccc1-2,mtr1a,P48039,Ki,=,7.2,CHEMBL274438,66.0
65576,COc1ccc2oc(CC3CCCCC3)c(CCNC(C)=O)c2c1,mtr1a,P48039,Ki,=,7.2,CHEMBL329299,66.4
65577,CCCC(=O)N[C@@H]1CCN(c2cccc3c2CCO3)C1,mtr1a,P48039,Ki,=,7.2,CHEMBL341705,67.0
65578,CCNC(=O)N1CCCC2Cc3cc(Cl)c(OC)cc3C21,mtr1a,P48039,Ki,=,6.2,CHEMBL3329390,670.0
65579,COc1ccc2oc(-c3cc4ccccc4c4ccccc34)c(CCNC(C)=O)c2n1,mtr1a,P48039,Ki,=,7.2,CHEMBL3763537,68.0
65580,COc1ccc(Cc2ccccc2)c(CCNC(C)=O)c1,mtr1a,P48039,Ki,=,7.2,CHEMBL216158,69.2
65581,CCNC(=S)NCCc1cccc2ncc(OC)cc12,mtr1a,P48039,Ki,=,6.2,CHEMBL4105511,690.0
65582,COc1ccc2[nH]cc(CCc3nn(CCCc4ccccc4)c(=O)o3)c2c1,mtr1a,P48039,Ki,=,6.2,CHEMBL4787877,690.0
65583,COc1cccc2c1cc(CCNC(=O)C1CCC1)n2-c1ccccc1,mtr1a,P48039,Ki,=,6.2,CHEMBL99987,691.8
65584,COc1cccc(C(CNC(C)=O)Cc2ccccc2)c1,mtr1a,P48039,Ki,=,6.2,CHEMBL219127,691.8
65585,COc1ccc2oc(Cc3ccccc3)c(CCNC(=O)c3ccco3)c2c1,mtr1a,P48039,Ki,=,6.2,CHEMBL96173,698.0
65586,CCNC(=O)N[C@H]1CCN(c2cccc3c2CCO3)C1,mtr1a,P48039,Ki,=,8.2,CHEMBL136431,7.0
65587,CCCNC(=O)NCC1CCc2ccc3ccc(OC)nc3c21,mtr1a,P48039,Ki,=,8.2,CHEMBL4278446,7.0
65588,CCS(=O)(=O)NCC1CCc2ccc3ccc(OC)cc3c21,mtr1a,P48039,Ki,=,8.2,CHEMBL4286494,7.0
65589,COC(=O)NCCc1cccc2ccc(OC)nc12,mtr1a,P48039,Ki,=,8.2,CHEMBL4082097,7.0
65590,COc1ccc2oc(Cc3cccc(Cl)c3)c(CCNC(C)=O)c2c1,mtr1a,P48039,Ki,=,8.1,CHEMBL94607,7.2
65591,COc1ccc2c(c1)c(CCNC(C)=O)c1n2CCc2ccccc2-1,mtr1a,P48039,Ki,=,8.1,CHEMBL274842,7.2
65592,COc1cccc(OCCNC(C)=O)c1,mtr1a,P48039,Ki,=,8.1,CHEMBL396132,7.2
65593,CCC(=O)NCCCc1cccc2oc(CCCCc3ccccc3)cc12,mtr1a,P48039,Ki,=,8.1,CHEMBL363936,7.5
65594,CCCCOc1ccc2ccc(OC)cc2c1CCNC(=O)CC,mtr1a,P48039,Ki,=,8.1,CHEMBL82135,7.7
65595,COc1ccc2c(c1)c(C(C)CNC(C)=O)cn2C,mtr1a,P48039,Ki,=,8.1,CHEMBL210791,7.7
65596,COc1cccc(O[C@H](C)CNC(=O)C2CC2)c1,mtr1a,P48039,Ki,=,8.1,CHEMBL1223129,7.8
65597,CC(=O)NCCc1c[nH]c2ccc(OCCCOc3ccccc3)cc12,mtr1a,P48039,Ki,=,8.1,CHEMBL3260986,7.9
65598,COc1ccc2[nH]c(C(=O)OCCCCCCCCOC(=O)c3[nH]c4ccc(OC)cc4c3CCNC(C)=O)c(CCNC(C)=O)c2c1,mtr1a,P48039,Ki,=,8.1,CHEMBL387655,7.9
65599,CCCCCOC(=O)c1[nH]c2ccc(OC)cc2c1CCNC(C)=O,mtr1a,P48039,Ki,=,7.2,CHEMBL390944,70.1
65600,CCCC(=O)NC[C@@H](C)Sc1cccc(OC)c1,mtr1a,P48039,Ki,=,7.2,CHEMBL1223197,70.8
65601,CCCC(=O)NCCc1c2n(c3ccccc13)CCc1ccccc1-2,mtr1a,P48039,Ki,=,7.2,CHEMBL9605,70.8
65602,CC(=O)NCC(Cc1ccccc1)c1ccccc1,mtr1a,P48039,Ki,=,6.2,CHEMBL376693,708.0
65603,COc1ccc2[nH]cc(CCc3nnc(C)o3)c2c1,mtr1a,P48039,Ki,=,6.2,CHEMBL3580916,709.0
65604,COc1ccc(/C=C/C2=[N+]3C(=Cc4c(CCNC(C)=O)c5cc(OC)ccc5n4[B-]3(F)F)C=C2)cc1,mtr1a,P48039,Ki,=,7.2,CHEMBL3109560,71.0
65605,NCCc1ccc(O)c(O)c1,mtr1a,P48039,Ki,=,5.2,CHEMBL59,7100.0
65606,COc1ccc2c(c1)c(C1(CNC(=O)C3CCC3)CCC1)cn2C,mtr1a,P48039,Ki,=,6.2,CHEMBL382050,714.0
65607,CCCC(=O)NCC1(c2cn(C)c3ccc(O)cc23)CCC1,mtr1a,P48039,Ki,=,6.1,CHEMBL379096,724.0
65608,COc1ccc2ccc3oc(CCNC(=O)C4CC4)cc3c2c1,mtr1a,P48039,Ki,=,7.1,CHEMBL3759859,73.0
65609,COc1cc2c(CCNC(C)=O)coc2cn1,mtr1a,P48039,Ki,=,7.1,CHEMBL3763247,73.0
65610,COc1cccc(N(CCCCCCN(CCNC(C)=O)c2cccc(OC)c2)CCNC(C)=O)c1,mtr1a,P48039,Ki,=,6.1,CHEMBL1813325,741.3
65611,CC(=O)N[C@H](C)CSc1ccccc1,mtr1a,P48039,Ki,=,4.1,CHEMBL1223346,74131.0
65612,CCNC(=O)NCCCc1cccc2nc(CC)oc12,mtr1a,P48039,Ki,=,7.1,CHEMBL124217,75.0
65613,CCC(=O)NCCCc1cn2c3c(cccc13)CCC2,mtr1a,P48039,Ki,=,7.1,CHEMBL244263,75.9
65614,COc1ccc2c(c1)c(CCNC(=O)C1CCC1)c1n2CCCc2ccccc2-1,mtr1a,P48039,Ki,=,6.1,CHEMBL9917,759.0
65615,O=C(NCCc1c2n(c3ccccc13)Cc1ccccc1-2)C1CC1,mtr1a,P48039,Ki,=,6.1,CHEMBL10043,776.0
65616,COc1ccc(N(CCNC(C)=O)c2ccccc2)cc1,mtr1a,P48039,Ki,=,6.1,CHEMBL394676,776.3
65617,COc1cc(/C=C/C=O)ccc1OCC=C(C)C,mtr1a,P48039,Ki,=,6.1,CHEMBL2022666,786.0
65618,CCCC(=O)NCCc1c2n(c3ccccc13)CCCc1ccccc1-2,mtr1a,P48039,Ki,=,7.1,CHEMBL9815,79.4
65619,CC(=O)NCCc1c(Cc2ccccc2)[nH]c2ccccc12,mtr1a,P48039,Ki,=,6.1,CHEMBL286615,794.3
65620,COc1ccc2c(c1)[C@@H](CCNC(=O)C1CCC1)C[C@@H](c1ccccc1)C2,mtr1a,P48039,Ki,=,6.1,CHEMBL514280,797.0
65621,COc1ccc(N(C)Cc2[nH]c3ccc(OC)cc3c2CCNC(C)=O)cc1,mtr1a,P48039,Ki,=,8.1,CHEMBL552002,8.0
65622,CNC(=O)CCc1cccc2ccc(OC)nc12,mtr1a,P48039,Ki,=,8.1,CHEMBL4079784,8.0
65623,CCCC(=O)NCCCc1cccc2nc(CC)oc12,mtr1a,P48039,Ki,=,8.1,CHEMBL124422,8.1
65624,CCCOc1ccc2ccc(OC)cc2c1CCNC(=O)CC,mtr1a,P48039,Ki,=,8.1,CHEMBL311106,8.1
65625,CCCCCCOc1ccc2oc(Cc3ccccc3)c(CCNC(C)=O)c2c1,mtr1a,P48039,Ki,=,8.1,CHEMBL315653,8.2
65626,COc1ccc2[nH]cc(C3(CNC(C)=O)CCC3)c2c1,mtr1a,P48039,Ki,=,8.1,CHEMBL207960,8.2
65627,CCCC(=O)NCC(C)(C)c1cn(C)c2ccc(OC)cc12,mtr1a,P48039,Ki,=,8.1,CHEMBL207745,8.5
65628,COc1cccc(SC(C)CNC(=O)C2CC2)c1,mtr1a,P48039,Ki,=,8.1,CHEMBL1223131,8.5
65629,COc1ccc2oc(Cc3ccccc3)c(CCNC(=O)CI)c2c1,mtr1a,P48039,Ki,=,8.1,CHEMBL328617,8.7
65630,COc1cc(C)c2c(c1)c(CCNC(C)=O)cn2C,mtr1a,P48039,Ki,=,8.1,CHEMBL392421,8.7
65631,CCCC(=O)NCCc1c2n(c3ccc(OCC)cc13)Cc1ccccc1-2,mtr1a,P48039,Ki,=,8.1,CHEMBL9590,8.9
65632,COc1ccc2oc(Cc3cccc(C(F)(F)F)c3)c(CCNC(C)=O)c2c1,mtr1a,P48039,Ki,=,7.1,CHEMBL314947,80.0
65633,CCCC(=O)NC[C@@H](C)Oc1cccc(OC)c1,mtr1a,P48039,Ki,=,7.1,CHEMBL1223194,81.3
65634,COc1ccc2cc(-c3cccc(N)c3)cc(CCNC(C)=O)c2c1,mtr1a,P48039,Ki,=,7.1,CHEMBL490188,82.0
65635,CNc1cccc(-c2cc(CCNC(C)=O)c3cc(OC)ccc3c2)c1,mtr1a,P48039,Ki,=,7.1,CHEMBL477835,82.5
65636,CNCc1cn(CCNC(C)=O)c2nc(OC)ccc12,mtr1a,P48039,Ki,=,5.1,CHEMBL1760954,8295.0
65637,CC(=O)NCC1Cc2ccccc2N(C)C1,mtr1a,P48039,Ki,=,7.1,CHEMBL4092308,83.0
65638,COc1ccc2[nH]c(C(=O)OCCCCCCCCCOC(=O)c3ccccc3)c(CCNC(C)=O)c2c1,mtr1a,P48039,Ki,=,7.1,CHEMBL225301,83.0
65639,CCC(=O)NCCc1cc2c(OC)cccc2n1Cc1ccccc1,mtr1a,P48039,Ki,=,6.1,CHEMBL99002,831.8
65640,COc1cccc(Nc2ccc(NC(C)=O)cc2)c1,mtr1a,P48039,Ki,=,7.1,CHEMBL268165,84.0
65641,COc1cccc(Oc2ccc(NC(C)=O)cc2)c1,mtr1a,P48039,Ki,=,7.1,CHEMBL8094,84.0
65642,COc1ccc2oc(Cc3c(Cl)cccc3Cl)c(CCNC(C)=O)c2c1,mtr1a,P48039,Ki,=,7.1,CHEMBL96562,84.5
65643,COc1ccc2[nH]c(CN3CCc4cc(Br)ccc43)c(CCNC(C)=O)c2c1,mtr1a,P48039,Ki,=,7.1,CHEMBL457807,85.0
65644,CCC(=O)NCCCc1cccc(OC)c1,mtr1a,P48039,Ki,=,7.1,CHEMBL297947,85.4
65645,COc1ccc2cc(CCNC(C)=O)[nH]c2c1,mtr1a,P48039,Ki,=,5.1,CHEMBL99091,8511.4
65646,COc1ccc2c(c(CCNC(C)=O)cn2C)c1[N+](=O)[O-],mtr1a,P48039,Ki,=,5.1,CHEMBL53622,8560.0
65647,CCC(=O)NCC1(c2cn(C)c3ccc(OC)cc23)CC1,mtr1a,P48039,Ki,=,7.1,CHEMBL377871,86.0
65648,CC(C)C(=O)NCCCc1cccc2nc(-c3ccccc3)oc12,mtr1a,P48039,Ki,=,7.1,CHEMBL123612,87.0
65649,COc1ccc(OC)c([C@@H]2C[C@H]2NC(C)=O)c1,mtr1a,P48039,Ki,=,7.1,CHEMBL2314263,87.0
65650,COc1cccc2c1cc(CCNC(C)=O)n2-c1ccccc1,mtr1a,P48039,Ki,=,7.1,CHEMBL329979,87.1
65651,COc1ccc(OCc2ccccc2)c(CCCNC(C)=O)c1,mtr1a,P48039,Ki,=,6.1,CHEMBL1091160,879.0
65652,CCC#CCOc1ccc2ccc(=O)oc2c1,mtr1a,P48039,Ki,=,6.1,CHEMBL2268532,888.0
65653,CCC(=O)NC1Cc2ccccc2N(Cc2ccccc2)C1,mtr1a,P48039,Ki,=,6.1,CHEMBL4105125,892.0
65654,COc1ccc2nc(-c3ccccc3)nc(CCNC(C)=O)c2c1,mtr1a,P48039,Ki,=,6.1,CHEMBL4739898,896.0
65655,COc1cc(CCCNC(C)=O)ccc1OCc1ccccc1,mtr1a,P48039,Ki,=,5.1,CHEMBL1092647,8980.0
65656,CCNC(=O)NCCCc1cccc2c1C[C@@H](CCCCc1ccccc1)O2,mtr1a,P48039,Ki,=,8.1,CHEMBL181192,9.0
65657,CCNC(=O)NC[C@@H]1C[C@H]1c1cccc2c1C[C@@H](CCCCc1ccccc1)O2,mtr1a,P48039,Ki,=,8.1,CHEMBL361206,9.0
65658,CCc1nc2cccc(CCCNC(C)=O)c2o1,mtr1a,P48039,Ki,=,8.1,CHEMBL125665,9.0
65659,COc1ccc2c3c(n(CCNC(C)=O)c2n1)CCCC3,mtr1a,P48039,Ki,=,8.1,CHEMBL1760957,9.0
65660,CC(=O)NCCc1cccc2ccc(OCCCc3ccccc3)cc12,mtr1a,P48039,Ki,=,8.1,CHEMBL3739824,9.0
65661,CC(=O)NCCc1cccc2ccc(OCCCCc3ccccc3)cc12,mtr1a,P48039,Ki,=,8.1,CHEMBL3741561,9.0
65662,CCCNC(=S)NCC1(C)CCc2ccc3ccc(OC)cc3c21,mtr1a,P48039,Ki,=,8.1,CHEMBL4284223,9.0
65663,CC(=O)NCCc1cccc2ccc(OCCCCOc3ccc4cccc(CC(=O)O)c4c3)cc12,mtr1a,P48039,Ki,=,8.0,CHEMBL1095504,9.1
65664,CCCC(=O)NCC(C)Sc1cccc(OC)c1,mtr1a,P48039,Ki,=,8.0,CHEMBL1223196,9.1
65665,CC(=O)NCCC1=C(CC2CCCCC2)Cc2ccc3c(c21)CCO3,mtr1a,P48039,Ki,=,8.0,CHEMBL1774519,9.2
65666,CC(=O)NCCc1cccc2ccc(OCCCCc3ccccc3)cc12,mtr1a,P48039,Ki,=,8.0,CHEMBL3741561,9.3
65667,COc1ccc2[nH]c(C(=O)OCCCOC(=O)c3[nH]c4ccc(OC)cc4c3CCNC(C)=O)c(CCNC(C)=O)c2c1,mtr1a,P48039,Ki,=,8.0,CHEMBL226112,9.5
65668,COc1cc2c(CCNC(C)=O)c[nH]c2cn1,mtr1a,P48039,Ki,=,8.0,CHEMBL3765249,9.5
65669,COc1ccc2[nH]c(CN3c4ccccc4C[C@H]3CO)c(CCNC(C)=O)c2c1,mtr1a,P48039,Ki,=,8.0,CHEMBL498493,9.8
65670,CCCC(=O)NCCCc1cccc2ncoc12,mtr1a,P48039,Ki,=,8.0,CHEMBL124914,9.9
65671,COc1ccc2ccc3occ(CNC(=O)CF)c3c2c1,mtr1a,P48039,Ki,=,8.0,CHEMBL3759160,9.9
65672,COc1ccc2[nH]cc(C3CCCN(C(C)=O)C3)c2c1,mtr1a,P48039,Ki,=,7.0,CHEMBL3260983,90.4
65673,COc1ccc2c(C(=O)C(F)(F)F)cn(CCNC(C)=O)c2n1,mtr1a,P48039,Ki,=,7.0,CHEMBL1760955,91.0
65674,O=C(NCC=C(c1ccccc1)c1ccccc1)C1CCC1,mtr1a,P48039,Ki,=,6.0,CHEMBL426168,912.0
65675,O=C(NCCc1c(Sc2ccc(F)cc2)sc2ccc(F)cc12)C1CCC1,mtr1a,P48039,Ki,=,6.0,CHEMBL1779806,915.0
65676,CCCC(=O)Nc1ccc(Cc2cccc3occc23)cc1,mtr1a,P48039,Ki,=,7.0,CHEMBL7875,92.0
65677,CCCC(=O)Nc1ccc(Oc2cccc3c2OCCO3)cc1,mtr1a,P48039,Ki,=,7.0,CHEMBL8032,92.0
65678,CCC(=O)NCCc1c(OCC[N+](C)(C)C)ccc2ccc(OC)cc12,mtr1a,P48039,Ki,=,7.0,CHEMBL1179488,93.0
65679,COc1cccc(/C(=C/CNC(=O)C2CCC2)c2ccccc2)c1,mtr1a,P48039,Ki,=,7.0,CHEMBL218065,93.3
65680,COc1ccc2c(CN3CCC(C(=O)c4ccc(F)cc4)CC3)cn(CCNC(C)=O)c2n1,mtr1a,P48039,Ki,=,5.0,CHEMBL1760953,9490.0
65681,CCCC(=O)NCCc1c[nH]c2c(-c3ccccc3)cc(OC)cc12,mtr1a,P48039,Ki,=,6.0,CHEMBL394408,955.0
65682,C/C=C/C(=O)Nc1ccc(Oc2cccc(OC)c2)cc1,mtr1a,P48039,Ki,=,7.0,CHEMBL7559,98.0
65683,COc1cccc(Oc2ccc(NC(=O)C3CC3)cc2)c1,mtr1a,P48039,Ki,=,7.0,CHEMBL7673,99.0
65684,CNC(=S)NCC1CCc2ccc3ccc(OC)cc3c21,mtr1a,P48039,Ki,=,7.0,CHEMBL4281915,99.0
